1,2,0,3,4
-0.8386451887990228,21.32516940784477,-13.760162338435782,83.64931439796845,-816.1540973531637
-7.560131659997703,46.40973675696615,4.455981369859551,-21.607152922573917,291.57950865327126
12.046032681070473,-86.44528636827253,-11.586863910953968,77.9987724262044,-975.1765121944288
1.8162796997532074,-14.390608287583492,-9.989629828608642,58.16444845163083,-623.5972574583507
10.951982227397043,-70.92750256176652,16.71170776062502,-103.29297005760083,979.5936746830106
11.119432874675175,-81.36084139657751,-4.9462879511087605,29.121618953199448,-453.5710025326579
-0.4769770548720255,-7.333130161768902,-5.87629674042378,45.4767370254049,-524.5465516044004
3.2343837800483026,-16.94146521213711,-1.5327602211300644,14.019815047307043,-154.46629536503835
3.4502658092291982,-33.527395157057406,3.0563614691560566,-23.364526692740576,171.32849746287647
-2.213137378086863,11.646367644815946,5.958981233835169,-44.690625973055184,489.7352223168148
0.8356324917775516,-7.201578732952886,-16.671067456078223,117.32605147612836,-1267.7624672087798
13.398202226815746,-88.85876033854485,0.0796139017245761,10.86483343656049,-269.6353459092032
9.182175816871464,-61.29858615150477,-3.2550396867677884,5.730580397573215,-135.48852266595543
3.225430569545065,-20.966846408573325,-18.100482025522577,119.34644182186948,-1289.1538866227452
-0.5148254915035669,14.158082064528967,-7.680769635284347,45.79865979327541,-429.57429734607456
-2.7525419684845973,10.028472443656993,-8.621076490579993,54.63869800390734,-584.8222475379066
2.096076052170247,-24.71390099564421,-4.955633412048054,40.86480300666603,-499.3622908694473
10.637508779998294,-87.57629483904219,-0.8604995837214054,19.19552891575912,-399.40570846713075
1.518480306137858,-12.428155662079323,-2.1921975829119487,11.091738409946071,-139.41628973317717
4.583617176451107,-30.709459296796382,-1.8073425851723297,2.5494197694871996,-56.42204571223452
-15.38809539338663,110.37616965135331,-13.095748075665659,77.32146593209357,-634.3127670326984
4.548288629255615,-26.37069991782561,-1.382343714591172,22.14855796207612,-281.9482315880838
2.9191231725206754,-12.956006215849644,5.368900228765902,-41.2922659231909,440.0813227661516
14.523236063605045,-111.91282750117536,-9.801720882741758,58.522297539489585,-809.1015141632951
-5.853015651156712,44.00881347996819,-8.951749141140738,48.07787900637908,-407.3008530383356
1.6709218936848924,3.7522342122842502,8.573562745157313,-37.046956493031395,411.90856410232317
11.762926001504661,-83.05455595937458,3.1294587769726903,-17.079428197804393,34.4797258635194
2.864687707847873,-17.39881203834776,-2.6905478350839185,13.152745651290664,-149.0443548023029
2.721464732122678,-12.32735437956946,5.191181251217132,-24.83360802368903,240.06995863403134
-12.355172637547644,92.58600641288456,5.361979948391438,-32.807047587968135,496.65427092137986
0.7622070192130947,11.851201661184426,9.62677551773447,-53.861180874130646,630.9587171736139
1.3433802805404589,-7.814089881097306,17.693812906802485,-107.27699329390617,1114.737110907441
-12.600677563618959,85.79501094519466,-6.554590469032327,49.46472386010956,-395.46510857026726
-2.232443670349165,19.11166393102495,-10.937573829893836,68.0270682554749,-667.1911649861165
-1.7032510635980753,-0.7902742939479985,-1.5195424595206415,-2.5345111935877664,17.325228068285657
-12.30401118976536,89.5084008838415,3.9448021883139157,-23.33114027707475,405.53921621250953
5.391521174989248,-23.04352322952552,1.385118657432255,-14.44164325821772,157.70550589690524
10.420526253021649,-70.79919542503337,-11.655773132288678,72.01212596080593,-864.5657707760837
1.5033089506110573,-7.859102957619147,8.080798218701517,-43.53384153760164,435.55278445390115
-10.39263865589152,76.29201418491013,0.3349133679310022,-7.050768676768708,218.86394406662978
-15.017514138544158,110.89285550467338,-3.8886330737527244,26.15842383263958,-73.18971432553793
6.472070957285495,-45.55727585021798,5.166510586972486,-29.792000475278336,220.40830513320668
0.2763279466185839,3.050462229634271,-6.069565291945333,34.707027132022574,-347.08017515494413
13.372140845766072,-85.33433659728138,9.637798848345787,-46.862013005343115,334.0050132166519
-0.39741549012750677,18.066440819361294,-13.85578909732578,93.81101849383828,-915.2387064344609
6.790478598515962,-55.993306099115095,0.3153959875082677,-8.634648605237956,0.5873264804607334
5.817165584310584,-28.694601936954292,0.22920337889708975,-8.590959676819018,71.8071550060446
-2.478533556740771,20.434791113823763,0.546223493552393,-11.46890831351611,166.26491513394583
-6.498157608984612,52.21603241608801,-1.455326094595452,16.735663425585738,-106.24607250626923
1.5623658016100055,-12.625903243182401,-2.5137245308301774,7.6744976127887465,-94.2159525203113
2.9881509769294152,-15.818736463019253,-2.2579805362401957,11.282306363672946,-125.11676397299657
4.458105848570554,-30.664481350094277,5.879449446131607,-33.68172230598965,297.4504175064251
9.448389975893086,-64.45418757449342,-6.895784749248659,41.19609006271105,-526.1964840728585
-11.782279900156817,89.51288513685097,11.345091601851994,-67.21206404955028,858.7731342512153
2.46618667490404,-6.166275745115721,6.797080133869913,-44.527115562531684,484.62315172907637
-14.632876756335273,98.73548911652071,5.393634337839484,-32.32590096186175,487.49462738022066
-0.17352606821939914,0.4891425640036655,-2.462546676738759,2.252306243120472,-1.3329349672750919
-3.42985195917839,22.267801142875207,5.836303586136574,-32.486507043456974,374.8852794558919
2.5075753164707613,-19.0161383959721,-1.0791793032226435,1.7423530236806037,-49.279407516843115
10.280756053547602,-77.87297321049141,-8.9155566990578,52.46247058481041,-687.6912659094826
5.298839483639686,-38.911507428699615,2.9978427864612893,-21.221568548825502,160.23445323857575
-5.695168177349985,45.86686427243701,-2.2577053672978247,16.821486746743343,-99.10050760030879
0.29224170680397865,4.095598194358985,11.388030567057202,-67.67400000323717,725.9313623050733
6.081067145698628,-47.994522296928004,0.4689417339320671,-0.8832842383987463,-75.50706825399203
1.535595063296147,-17.907642402033144,-9.814963950631569,73.02790908391499,-830.4759245833252
-2.7838246971650946,17.85377801887678,-9.692140605917233,55.61021162239374,-561.022558873678
-10.826596747375097,79.76564931002399,7.001583994332422,-40.720946336750224,573.6441852127549
-9.805560479062045,81.55913530794456,-6.868263618947376,43.45721613316499,-286.12758386182685
-18.89616602800615,125.58877202525925,-8.167830081573685,43.134889628160245,-256.1449498181978
0.4731137952552344,-0.11789458360465188,3.7245597222866933,-18.275510550421416,195.28441779583252
1.88927458092153,-9.081057194668386,-4.584682741378612,18.780696110952483,-195.59680813938218
2.552125893065855,-18.689975924379617,-2.527888971740656,13.460385245615534,-159.19309297046325
6.860589475999776,-54.00016690355524,-2.288314731067578,15.786230920484797,-282.0961804064686
3.4557859411741334,-25.49300235543261,1.9506817479574894,-12.13801439542356,80.57840616366336
1.1440359562535436,-8.987977293838636,-2.284479101481486,9.792966094823942,-107.37991470558971
1.3448440311403578,1.5158126545091228,1.1168506150012503,-8.14282587560585,114.46689600219919
9.08880092665335,-70.41949458520911,-0.8915599637218516,1.5401551250690506,-151.41907856231649
4.046856940429134,-41.53353108373581,3.638807326106012,-8.980715400968801,-21.698108253651302
4.082034689781316,-17.883019901723088,-1.3131220646140211,1.6395709071115752,-15.280136889421888
-2.8139337623052905,25.861116002080134,-3.0804785708236384,14.912395783639983,-93.68020197082342
3.026669181152299,-11.026282600369813,-14.150248725796239,89.32416180923458,-926.845029080356
-3.1337219914261674,34.977909863996345,-1.7054018068869647,14.885716591400499,-72.85031935018796
-5.17767038683098,38.131116914067476,-5.284989129457169,34.79370720043161,-299.44500334262045
1.324676451215913,-23.90970666793209,-2.2453048690332356,2.8078941687668113,-96.99314808166007
3.752424765819688,-17.781811402334263,-7.780634730114342,47.21816917085841,-508.6025963065545
-0.2650369234841478,-7.117596025973568,2.7778741940472433,-2.5459225617677834,-30.75676071145527
1.9739561115464814,-6.1798169173586075,2.776483785325231,-19.55260790299936,205.67870888491308
9.618640673498424,-66.4924554749107,12.313676128682424,-67.82880689474314,581.5215742919589
10.046427628276582,-70.80757132110874,4.258050211015111,-8.609994312888471,-40.03770067008952
12.080003010457041,-93.46585290876175,-3.945368469979157,15.735508048320323,-328.573995122347
19.076606212019833,-130.53449999467244,-0.8566531851254284,4.550075634748078,-257.2319520302394
-8.330817780522164,48.07788212879488,12.030546157196062,-74.63499727750452,852.0739619848969
-8.336315173658699,59.4397521797929,0.7637653757595748,-2.688026555793887,117.58198815632869
3.6877517178444372,-45.1067521888803,-3.594773026487487,27.456117261867515,-402.8632949568705
-2.934017128691079,23.95532448908898,-14.085693504155719,92.69616339061842,-942.3367158606154
0.8990423217996962,-8.019441483613695,-1.8339802524387274,3.235269499940406,-49.89833131783542
-2.5864486644082536,18.44456651600856,-7.577692816337964,42.30328612274554,-394.7073905173611
6.374911742299075,-60.22159355026601,-7.9085352599332,37.88249889753544,-525.7006592623646
-3.503758554602165,33.63830708085853,-11.518629947561857,69.57520244111502,-653.222193169697
-2.7154926634542043,14.260728953138239,4.794836094744744,-27.177264759001908,301.41169181499555
9.6440428342,-67.4645493784574,4.839524027149615,-23.01126950221626,133.03216759580675
-0.04149557299794594,9.242402259221619,1.9098578259309593,-13.341064833463799,178.60019020488357
6.103272885894489,-37.46075843536428,0.10109727176362843,9.272203135302266,-154.80092031580503
-3.082668759766258,30.528797861275006,-3.6500516403927703,13.453325937200015,-71.85733098028356
7.397612137704662,-46.044010128081666,-10.856269174575331,64.50734310404786,-752.2539986113637
2.831141053480245,-15.532453920224238,4.013463271370189,-3.800207845172821,-16.26694759382354
-4.630133001312765,49.31656232690836,7.530679838049029,-45.93694122126268,599.8738350291202
-0.3362644962432622,-5.809745619088315,-1.6757262125739198,9.118876668587497,-99.73522270514951
15.230925371229532,-101.65627943791068,-0.9675951735229683,3.601611473933388,-214.6396581424449
5.373389450363914,-33.78229672356624,-1.815800710837037,1.9382711367430776,-52.253724042487434
8.937121325235925,-50.624035093660034,4.095192610850182,-19.982480086491687,145.0766846865229
2.1234264072824844,-23.27172613906023,2.147495289235255,-20.007588510313116,160.54077901700117
-2.374619787919708,26.006670471857817,3.34844230381859,-12.203607816218659,186.20495139379184
6.5600412386751135,-47.17352101052563,3.7747681900129666,-18.31841891035461,112.43681357587057
-13.496964308368513,99.97797726801397,-7.659147727667745,49.85094017510248,-347.3049990082863
10.569915915871846,-72.5576739940065,2.203480968934061,-8.738925921303867,-16.95342407704708
0.07273768186978108,-12.021153088467408,1.0802125564062588,-9.913212019453475,46.434311108583685
-0.6008686492249085,0.10252887149824996,3.3035835043843025,-15.036759515717693,143.1189517426584
0.667564457539404,-4.568934549263298,-4.427519032826906,28.2696947531165,-303.8714391108521
-4.83151790353538,31.12784752509278,4.141949839860088,-33.49206505544372,400.5615704138604
2.7832722009079105,-18.114455882850415,5.0568083121651215,-32.430627230269884,307.1921939840937
-5.163895021610743,33.14075968155487,-1.6668520231564687,7.0630151520538345,-14.029690358202068
1.6070690382402748,-14.820257660702719,-1.8048896513514985,9.1020256893454,-123.01909191493618
0.11206320355381096,0.11113291006609449,-1.3097149538107986,11.877569794253946,-132.01466932385435
21.880712057419434,-143.79234228568626,3.4449074033309905,-32.9992667681929,137.53279470288686
2.221228813120488,-14.387932137222482,9.53395139525703,-56.22748661774135,575.7883086187267
-4.276499188916383,26.26619424175937,-0.6807592503860898,12.51046839372844,-119.4027841603472
-7.46297887743907,57.46368520703202,-3.2911850650728054,16.190066226968447,-55.34050668987565
-12.102275491281919,92.97169947306467,1.339520773483071,-17.9154079939346,371.0936419654903
13.75646441152061,-103.25075207611363,-3.9296290644447858,21.099066728939665,-418.73291450903406
-10.352114879866598,72.26323121130146,-8.840743007886939,47.96828740405874,-367.71778138103656
-5.981447967051475,50.329628380235505,9.142888915089733,-60.690233416871735,753.7300715962094
-4.745772218397484,26.72987259658955,0.010121511403368285,-7.227826717636694,121.38023205053572
-3.2983916355719316,33.60746810055568,9.095405245706788,-54.63479399200005,632.6983897262124
3.56755464866478,-28.337511644334228,-2.8918948382225658,13.121270713322684,-191.08242718314528
-3.2064168169434115,22.609816639463162,5.996135912695691,-39.99202428210314,450.11518676118914
2.4735654649928684,-5.682806333088379,4.5563848329534755,-34.54649843048743,381.7875068898775
-2.299890148421729,27.362194642660903,11.253083336453217,-66.7005575287922,770.9332635920052
-12.42303684934558,99.27876798519782,-5.156931753647546,40.81402575641374,-236.33479654215483
-0.9370630493344176,23.05205728695364,7.714064891896956,-50.24637156215102,602.4797411711461
-3.375187978244538,20.15489069697787,-8.195519478931427,45.25304290655067,-438.2131095824309
-5.10999148107255,39.50088281155009,-17.204344555786008,107.63187401911452,-1058.9148394606716
15.59581933206818,-107.92538342241465,-7.074902350867626,39.48445235112409,-587.4258240310537
4.965183268773646,-33.098041794472756,1.2242955063814043,-12.956768831611022,98.99005545304793
1.481210161624918,-24.853271411319362,0.000923109211805594,-13.075415612473261,88.82324251198447
5.740835099802485,-39.355136349865,-3.1841609207359816,20.514545974073688,-274.314896406681
6.0632182146388365,-39.011353633374256,10.493048449963132,-66.34391574865374,646.2245181725201
8.44036943970167,-66.6231110553137,-5.070277956058703,34.10335444687916,-484.78770851770514
-6.899104323606364,47.00575573043525,8.091189707951163,-43.5897999531157,520.8994943592993
-5.363138717530108,39.07466563773514,1.5041702374205892,-22.436649794286147,318.2290484060085
-7.134231269193997,50.847959367696376,5.8622583386661535,-38.45202519535924,490.73378258083903
-1.621060095234601,10.497183941110963,-7.327640106514956,38.71888442552496,-377.37605729454947
-5.2443765434694285,49.73632921209283,3.6137676086418713,-16.46203515524429,268.9689426892037
6.649343126130083,-43.88234589338799,-0.24044410531746999,1.567336430820674,-82.40654974315312
-15.417402684003449,96.1232473095715,-8.120800563075884,48.7082477745962,-380.57371740614957
6.789606769936623,-39.363048431526934,5.802277208844117,-25.54474821160801,218.1791920252557
8.144174467550348,-55.13573495776179,-16.004162044918495,102.15643832626522,-1162.017082559913
-8.290028825037744,63.194119182159355,-8.461362904469734,54.18704038677118,-446.1473903518584
4.340629971681882,-37.30389831450243,7.4214486579048495,-40.48749091574726,336.2916977525377
-14.317946701833913,101.45013481602751,9.987524925422493,-61.11515257404954,804.9561452513851
16.654360734764843,-106.80670737192985,8.073720370379107,-32.433267389609604,151.7909507001346
-9.364817837352014,49.54146109479192,1.8818344283296617,-8.265200648264747,125.82101201311906
2.9358446593406393,-16.683045512867317,-5.928272200532926,46.17295398848269,-513.912258700479
-11.67018247953974,72.8713715139279,5.9146972138506895,-45.978348456099816,601.9223908882692
10.787833339423804,-74.74008162314692,-3.2511148086428316,15.199652859968516,-285.83517617785407
2.4858897196325853,-20.8778060688394,-2.1572284767125076,-2.353773069508536,4.095626199140807
-2.843112992803393,17.280168515660435,-1.638886652183294,13.856569557084459,-137.41001478074023
-0.64703886832444,3.2015562722940096,-1.7249753921694475,17.888815367149157,-192.64578717005685
5.034949830991183,-49.48131440866337,0.05147985425624605,-0.8046274970386682,-106.50176788688204
6.451387086932287,-46.99903942727921,-3.8364790050851747,25.782984460262988,-354.80278081337934
6.011057949749359,-42.28417355201884,3.395159152237023,-20.897238526190577,148.293777805194
-6.520799228726596,49.70493036107494,12.79659498484457,-70.94839119823051,832.6381971058486
-11.841395858621725,94.19816486597833,11.58686648719703,-57.682733693093546,774.5000280064286
1.1386092155290868,-4.575956927934783,10.37527235678344,-47.66966157157088,472.44191482482995
2.756954328160588,-21.324729804784905,-11.08481888149816,54.7310653224281,-600.2841975007649
-8.44279597515164,56.3933260565519,-6.5579651831468615,27.63167591631087,-191.83762504200774
-3.97717414002234,33.73128062567472,-8.526992044476598,51.530982782270584,-456.81330160163986
-5.535741559050381,43.07312266953645,3.8042135810960547,-2.611983909869327,97.9371785766261
2.6099274277213524,-19.912683433871845,-0.7194612720323956,8.272168790071714,-122.68024847050239
-9.241919278722472,67.14509947078588,-13.278017060542215,75.89307321811168,-656.6256324247794
0.9037941643039598,-3.728427328980181,7.154249104225042,-37.57848718563275,390.8716297645457
3.1862572786191206,-27.674598868682192,1.179093418707869,-2.6871772729094126,-18.717567297613044
-10.159852766784073,68.78748192259317,-7.995019767626309,47.64847682455846,-391.5253003857217
2.738351422147242,-16.995347802920783,-6.704566368473603,14.71650165453499,-139.89668610951867
-1.738457443461034,1.7336502142466106,7.29210412115619,-36.49569989307099,350.331453774272
0.20761003370750125,-1.1332416276963095,-5.0829545375369625,25.12827121497556,-266.5076332319492
-7.98367642142945,52.722704128875876,0.5829677348156603,1.5139081040221773,62.58827169220004
6.309652707481835,-34.153215189125376,16.609805719166253,-100.84801712553993,1019.3395433992688
7.880398668636412,-55.12097838528115,3.0845229953887676,-13.199638001593371,37.1686036422323
-0.6852765535015379,3.94471001853534,-3.1994712645831918,15.983839629373689,-165.17207766734833
10.707233158338548,-68.79547094183984,5.020528879692897,-24.769631041915922,163.12680122917934
2.1428067189560407,-17.033148713929755,0.956888311375856,-7.623223806199513,52.09823173902927
4.951025611115293,-32.653144095743265,-7.536965410839257,56.51334043203002,-660.0471216215846
1.4909468378732342,-11.534330795504932,10.648526878527198,-59.435214093317136,594.0370563317049
-17.979306448495578,105.09014418579956,-3.8048480898557284,23.16996408922441,-113.81835709621107
-8.159628360451823,55.52926616277722,1.224456719001328,-11.040018989321434,207.0656003683221
-24.870990897523825,175.09416178530827,-5.46217504025878,29.689989740953116,-12.887701982717871
3.2063844274910736,-19.97598964870864,-0.7409976238297399,-2.9557850478153327,15.54546430843584
-5.628813853969542,44.95626026557296,2.848134327544757,-20.303199161762965,304.71497605796105
-7.50675970638871,47.6525025942704,-2.8265300947878305,14.769571122680542,-87.549294835219
12.485357166341117,-93.16012694183479,-8.11598745700977,43.79152948040444,-626.9782270516605
1.2649473133015339,-7.958038827285332,1.6862485326720587,-7.030282553968129,57.38429184579571
8.751964632569003,-63.567783330540536,-2.9103342172878475,29.63128862211432,-431.5505268916696
3.692369571118475,-30.248179147621407,2.145455257377145,-20.17479256012352,161.4712763992182
-11.96686441524904,90.21417092737644,-2.9354938768975027,18.022422296092664,-21.00433533814989
12.036850663352158,-69.13877344265852,-22.656722923959535,132.2893372484239,-1474.7642378952255
9.89629321977561,-67.51241012257303,-9.820470593854987,50.90457991343956,-632.482679675019
-4.204315214273662,29.74089312944978,-0.9299526933566523,15.505225648598344,-124.84263618568059
-3.291721670277378,26.12680053865956,-1.6308633055591613,11.829134602925803,-72.85868275940213
3.888499868752328,-27.843850270692336,-1.6299426565174608,15.14850416195295,-209.93026028718197
6.1267921377184384,-53.26931130022943,-9.279681186882256,34.65069934586468,-442.06798496308465
12.445337336477115,-102.47985505381139,11.24000346894681,-72.83706578705932,570.1945983540222
15.241820119347484,-115.60114519401495,-7.0928879405177865,32.75419315988262,-540.354028232664
-9.710456538611183,68.84029362117032,-7.978144812428046,49.43750589726925,-388.98497779048097
-0.3005213774029627,0.5967573607813836,8.90269753740293,-53.10552774056638,553.0605068049078
-16.897584735341535,116.34744959362101,0.45176478292157296,-9.390285520638848,297.7527200264713
-2.416815598586658,22.839513984323226,0.9186801039253563,-4.226984169587221,94.31260030635265
-3.8236133576613347,32.52841760850209,7.8953434703741605,-42.573608098580515,503.01861389365723
-4.734307377710501,27.68014761334808,-3.37037611309381,15.409012630667862,-128.82471884198546
-1.2091899074962813,3.7951747423013815,2.8509865466535573,-7.836768729161374,75.35208869519204
-2.4302830744129733,18.496122964371356,-10.00440544822925,61.44015935519063,-608.9702237340005
-10.34310363680665,67.33253846232347,-4.343684694556838,36.58245967536331,-282.591526778614
3.9462888821453603,-31.29093779272184,5.177918343296836,-35.232521713028575,310.89010437044334
1.134489431231115,-12.972097043476095,2.7981905893926333,-17.988495893415593,164.1523529932231
3.573639262513097,-37.29858990825432,4.92776887434706,-45.13214217521849,406.3049444521066
-8.745788727864706,56.10714859941891,-0.7009577424659081,-16.70522926422067,289.53044271849313
-10.209685127118057,59.53620365073945,-11.306055103450548,53.60716584037116,-468.57746969358624
-5.757176167101558,32.07293054550884,-3.0146964905524034,9.703644843854137,-65.66059699237861
5.2736216904046955,-27.01547817811688,6.0800952499687995,-33.75970204953345,336.0952564511773
1.909480896467494,-1.4400051285673232,3.7107699285616325,-10.890767603459548,123.68745322068042
-3.0826093480735963,27.37439488902785,7.586508723758955,-43.3946643791573,516.795428013385
0.8717615261477842,-15.426135118692306,6.541302176452003,-36.86539111504737,343.6569539113324
2.2883908621723155,-19.978647152661175,9.236446784727377,-54.35199728144275,517.9547414731804
-7.3440837172656,60.26690778988754,-4.507489816434631,21.95554010066665,-103.7776059691692
12.064884778784693,-87.16849035876501,-11.775943396193961,73.56477926946911,-925.7418143368469
-5.625715525778884,35.85393504129854,7.383711592779933,-50.23370034546502,580.3772077681424
16.83021710642568,-118.58409439321785,-12.24636213758433,68.20252351488423,-909.842681202842
4.279902461165613,-30.734330457573844,-8.499252472178515,58.91687704103005,-669.8723835921028
3.0967747074964067,-25.912113169647125,-5.1876923155366,21.36733115156285,-255.52803515830593
-7.342423780470879,60.288519133824906,-10.96543105615833,69.44701219862027,-606.5670613352839
-8.729287887841007,50.933059334422126,-1.5341203042329314,9.241859582227741,-34.34578925864677
1.8210809886747044,-13.859126867382725,-3.1440622028496965,19.77792958538611,-239.27559170201064
-3.346848724130302,22.053606303427028,4.484051775252597,-34.02335148087475,402.09932482250997
7.504340046703846,-48.01029749413459,-4.6650261343292785,24.27419923776055,-318.1452002671209
3.328649839563736,-37.98196912549438,-0.3193957943210967,8.117764279463287,-193.83980995400796
-10.027069456122298,74.3772076495826,2.869558470417809,-8.92053417674775,210.28433874300768
-8.854351334668015,48.375693823364266,19.211750314300332,-118.04830285797505,1300.1976649536175
-22.62801969091246,163.93063494136936,1.3879712233030075,-8.720560171923644,391.2228777401834
-0.08048700042527149,1.9048681911651326,-9.114850881915174,65.68441200519197,-701.0213652739596
-7.03052365729023,52.58516400000124,-3.3511447647403294,19.74149528583812,-113.86789012205517
-5.035743974330429,33.290584120133154,-8.263558576575601,64.01287040700711,-623.6704729979434
0.3110820603829452,12.982120082275475,2.1902852907664667,-18.689423545978038,255.88312971843223
3.871734715023886,-31.04693980384951,5.09269839351745,-14.218386762733015,57.491638617670056
6.820592713652635,-32.50848186870773,8.567890066821878,-47.74799635728286,475.3177526267785
-7.033910223698657,52.19574247278911,4.805192859623309,-43.474385932547065,575.8964836521754
-4.492865987382895,30.17803078938336,7.545800360256877,-33.99295462942737,396.3866655452888
8.219066125902836,-60.8726761523932,9.16624782618199,-55.07964745082328,453.9435614694589
-10.750634078178937,69.54103998273162,3.033576905975376,-15.026073913305856,248.50255802534335
4.529811236871061,-21.193597663545354,9.691674302401642,-50.98899798041282,504.0660296525256
-3.050234654006076,32.00102860132183,-1.2416945581874579,14.996187498465154,-95.41918970075035
-3.969770111825877,37.24730592321396,-7.257281433029561,57.11431633208139,-524.1890724289775
1.6076178128786602,-10.739855432022074,8.294496300354337,-54.495630273395605,571.6349985733078
3.4711538733896954,-29.43990520815328,-8.408164090818474,56.03064431434606,-656.673895681705
5.776964691207576,-41.41783947964095,5.06290131637242,-38.7436949118407,337.3980746847219
11.693516484626924,-76.51174778334826,-4.6325458597721045,38.93259557633185,-544.3224626686527
3.6307126409764114,-15.278261364530579,-1.427138648800794,3.3751443681185513,-34.71372790822408
-6.931030246958818,47.22381991229623,3.8203511230516223,-8.135528460673001,147.00094380031805
-5.663197864278315,43.56143432649742,-3.773940487043382,15.411907527585292,-78.19005237660213
1.9373143971597853,-11.789146875704914,-10.635462683185267,54.372754584754226,-575.3547734927125
-0.2111303308556523,-3.000835702976967,14.33244579199282,-92.5561964417671,964.2857752845019
-1.0407905351349036,5.484222473066274,6.991383171070828,-34.34804558859932,363.3432837303747
-0.8253510932120989,10.179986245360649,-6.0712291445070905,33.860622107558044,-329.2032802624596
-14.72706072725156,93.68798222186979,8.72493434384406,-60.87323985435755,777.8285890614395
-10.129410085597355,67.09037144068304,13.6343308723531,-83.2146473367438,985.6154968151975
-2.849213362528827,20.36688749547527,0.7921940638281588,-22.617199079912684,294.98463134442386
4.469529105605155,-23.122781909575874,3.146680929525747,-16.89419180695995,144.37312754352055
-4.336416609270931,30.0292248282339,7.877702659616114,-54.59821730862785,625.7199328213317
-1.6554881108096946,6.067806116511473,0.1904582231245645,-3.654152628060107,37.414963417312634
2.6214305767568615,-14.821451320941351,7.1773231952851395,-38.986989601184845,380.0732335210466
-0.11496873995167546,-8.324836286590902,-11.14980758515929,57.096788693183754,-614.2557479633048
5.950633054710883,-42.810611147706034,4.845078111365188,-25.218644590328495,172.60031161494598
0.4092400327566657,1.6184430871046858,6.096618204987236,-42.93721902678212,462.8201344547975
-8.493090950043404,71.12575931216085,3.094540696713669,-18.9542813273923,340.41011962763054
-6.804870264268184,53.54444256018332,4.944573895386904,-21.7387024361173,314.07470858259137
-12.123594883699038,74.2349097658516,2.41131534367877,-19.721775363965698,320.32785342788753
11.869105794646144,-93.39813343521791,-6.419795325697487,36.50287538618119,-549.6800253935215
0.7491652968033137,-3.318421260387657,-5.430482551612713,31.079316708995105,-315.7971343886978
-10.135092945601997,56.80985075272453,-2.646802854250967,16.86241903089607,-112.08024008210405
-4.593386728437518,39.26187357333215,1.6299705914499012,-14.42044938075175,246.1057040320095
-3.67535007458681,28.408039428255137,-0.6222539006013428,2.892269483505445,32.60919869554942
6.110444480788112,-45.70187551961305,3.762095987113383,-37.68174060781887,322.3871468716878
9.936646093785534,-76.39675748327238,-2.1200220905289937,16.070967464335215,-320.7609911413262
5.9852135016727175,-51.66406076770767,9.072909996969493,-55.77658978330017,482.4384943561354
1.9732588829025643,-19.686795228863733,-2.2669594516856244,4.1588234012169245,-72.33750307004064
6.0500153371600005,-42.30361766463657,0.05437439413576849,-3.5622904400254596,-35.97842059538258
4.150912166877742,-17.891257874350703,4.129511074761013,-24.995979343028356,253.3390200699671
-4.642104893012078,32.85320594729493,-7.087164465339186,39.89722988268051,-351.81927599253316
20.17879146753825,-140.95001747222796,-16.510985138198716,101.92786759020088,-1305.0619853016788
4.834746672717659,-41.33252729812237,-8.290364002324067,47.07988685062418,-580.6988593028184
-7.070129336943033,35.82688882582155,-8.971385426090796,56.13741894075756,-565.7465194511544
-13.487991896478396,102.59229032395828,2.8621967349830792,-17.57199597132745,375.45170738661443
-10.246942343619931,75.4759309273733,8.340444780578498,-45.38330340027747,615.2987283294244
-4.8560856294716785,31.513219476006896,2.753712800386793,-19.016025851669866,257.4832423160309
8.932673067013683,-59.554304244524126,5.11234394730139,-26.620888768156036,175.49262515582814
-0.5415733419293391,-6.994414544973653,-6.665112990048591,53.22677526372789,-618.5439525368008
-0.32144181954180373,-14.608129142211626,-6.290879525406418,32.16651740822777,-400.52496679199805
-9.690872478284108,74.02101647319701,11.800935704668179,-76.02342773963359,937.2050674583074
2.533010328161476,-5.720946320116546,-4.959861198014951,45.77553996278861,-484.16415370378127
0.9035441132401286,-5.286308673686728,0.9186874157464499,-10.259704239758069,104.65787347580363
0.8982393517541633,7.2881452402741305,-6.804806349656389,38.130498442282985,-365.6275726798139
7.256854497825778,-54.15850748413913,-10.255172991884091,60.36794526246685,-728.3367445211784
-1.5339156543034855,20.844192706962332,-11.451756441112291,54.076904175075796,-490.03915404075906
11.116253662960037,-88.85561543146383,0.29304256560581166,-8.701973823166185,-72.7142914936585
-3.898417086622289,17.258244725343836,-8.237580943915928,61.02920821668458,-643.9978190107012
-4.746329263515669,31.17438267940168,-10.287927105523474,68.29437018490637,-667.2963403855157
5.593207026422624,-32.32192496168249,0.5064874827503981,-7.909078624586022,55.00525048773213
1.9722699086825972,-6.531931935925434,6.1236190817257015,-42.68877415979125,446.63751457360195
-3.4624374329598204,24.544833042239507,0.4188949423518034,1.5340862529617083,12.045045088135073
9.0149516048881,-68.44993709315452,1.3735388439508471,-1.2665051673845547,-115.00818373402734
2.34988653894583,-14.925737942303023,11.045936344930485,-67.12588464718063,683.787810381871
2.9828562280304727,-29.993625938070224,-4.235934721532563,32.270437977603144,-416.6407562003874
2.0825223667824195,7.585926946251842,0.2477371147537872,4.190310655009072,12.156630195724336
-3.3009866086778725,28.783105413298514,-2.322066158872871,7.465264865459824,-5.727405121338277
-3.7752502749761256,29.178781132761607,-10.73068581585785,59.88478856939756,-564.863914552639
8.471869388386857,-63.395600613997395,0.7239196042159992,-5.4035066735929185,-51.95062063964116
-1.9349194951584845,20.71070588545262,5.478062291795523,-29.24004928040521,357.7766364301217
-1.8277696028616475,6.6424829767624045,5.634153040341461,-35.286687807285446,385.485157500955
-4.3822255793420615,37.63986933662414,2.1203340622034577,-7.480818792862452,156.0332287651222
2.69492671953938,-18.121890838355412,-10.448287755934407,76.53485176014749,-851.2698819281435
9.711397393483285,-71.45707230197468,1.6768802745527134,-12.975452567815184,10.737765326671376
7.8484424761658955,-48.137601093545825,-8.008713641116918,36.109617356122655,-420.87487891080065
1.704831994026461,-14.25932344543417,-4.6309890978009065,31.323725199908885,-355.13047048332265
9.777013944111578,-81.57857995296112,-6.656972099570233,27.55830370154856,-430.8577728682244
-7.919301983759043,54.05886596546748,-4.328055551599721,30.232714779620604,-236.0348853825523
-6.653842381026586,39.102537799459235,14.212311996543937,-83.55289348334254,906.2531981870997
-1.215304938303787,12.23169639304284,-14.12278718275633,78.88273044849663,-786.1518069678583
9.346975760962303,-68.80290743215753,-0.6152765520724787,-0.4956163544276109,-107.69954342221949
-8.111574246482947,59.41297539946017,8.498715347561259,-32.02979829566497,418.93948833959826
5.40419396781729,-48.36735648062067,-9.208961240101152,51.631301684705754,-639.184058046983
-5.550685998782761,28.74699312879499,10.298089961504763,-57.06244187891887,616.8443483973632
1.9139182326122242,-5.5082285561094615,-7.351623147483409,50.076824593096504,-520.7111877221461
-2.1946161664294976,16.522850839876718,-2.8383537316057894,27.059398340636474,-263.810057305624
-8.647292770954314,55.73162088166885,-1.202807280313338,1.9673989415478284,70.7850830541189
3.462051188380857,-14.04201749028708,2.1073822879589397,-25.723429941886856,297.6624379442225
-0.33051808975510705,-4.464841994753034,-1.0284423167010746,8.080173481034912,-110.57780792835302
-2.0927960593348582,5.556443762747632,-1.0238235396175115,10.23988840370221,-127.5468794208129
-2.5725031829200082,16.17594535249555,7.258282315204488,-38.14110991668548,407.499616293933
-3.2742871549976194,30.33831240098938,14.68486067902551,-95.81280420082538,1103.786569936556
5.2724652091867945,-49.49361379921207,-1.2123575337635162,12.598172839630852,-254.1120197481804
9.7637447897726,-73.22195639166087,-6.326207633719944,43.17923817213243,-582.4854673930621
-4.180901240600887,32.40548299507597,-15.553099901174814,87.1724905532204,-844.5323987323446
-15.970416652517354,117.63260144295229,6.197113462888904,-39.44962527107055,625.4476566247578
-12.246170015254474,83.3227841749628,-7.385563799110378,46.28691260988244,-347.12969828616446
-7.279675370832326,60.94490511632862,1.8788620623797456,-4.352310345006549,148.00312192721105
-3.4754461442811464,20.245133535659765,-3.957217737815588,27.12493864112053,-262.9638281238579
1.2520853081886534,-2.3844867882047325,-5.52163385766885,40.9641049781771,-422.94212198577634
2.4384400088230316,-10.407979350032498,-14.53662561409976,93.73265754129068,-1001.3868765867174
-7.640518430882578,52.61121810885313,-2.2465129849861056,30.69624325452608,-256.3058670705937
11.455826949228365,-74.13558142062385,2.729462828434011,-4.8952815960372345,-63.85971252168972
9.761011413074225,-74.9695841534486,-16.71643374095752,97.74653790957181,-1156.6314494943404
0.7353392668077385,-5.179906073229765,2.1494550386042532,-11.192702754996853,106.92319512184348
5.105147900131726,-36.781026773043855,0.4597934477148125,-2.6362863467431787,-33.51900223022853
1.091720474428065,-3.2843471051273987,-7.7736737787977255,41.67676947814921,-442.9517791510852
1.6364849068432736,-15.45865898715149,-8.09931200457304,39.73186110674805,-434.5981571709248
-12.4585534813369,93.95163595186233,-0.23841529406582856,6.905861194483195,94.05116408776755
3.9956228979916615,-15.801331018565497,7.719632897176401,-40.22021028115014,411.15638880970926
10.831235543199362,-98.35267825133563,-8.038166271945247,32.21373262378219,-520.1048113637381
13.505188123484416,-101.41024171935648,-0.013031187778632046,-6.386909966688264,-111.51932033411973
15.385296040589337,-111.75604796151949,0.4302337695540493,3.148127563873406,-232.3195507212241
-9.168791878694622,62.01357156017391,3.8961972852795195,-30.25161263240995,431.9079536352369
-0.021424611869500152,11.702182897461082,-5.5373651512969495,34.20475855369188,-319.8160126106989
-15.556807894373163,101.61145517735665,0.4244928136906018,-23.831402116306208,443.0321698630296
-7.209810895458031,50.59580397636059,2.0195658751076815,-0.7363451544059156,71.27915016075418
-3.663624057943716,24.46390088455208,-13.149689802286513,64.8776851392696,-631.0052322530627
-7.920559513509819,59.45806409169103,-4.844869063604622,22.604875424378733,-116.78380439464269
1.0805257547264298,5.139703976081397,4.295192749593273,-37.581819602701536,439.3662974282558
-8.136398992351467,51.598135203451506,-2.6189780776727463,21.005999704983832,-156.78091026652052
14.891046683409018,-105.80841661146276,-9.540065201275926,51.983924477620654,-724.3023053729846
-0.6871125568591231,8.953575872282897,-7.199776885450393,43.80886833030509,-424.8699766033363
2.5963503816776194,-21.896991513472535,-2.7228631575903752,23.72351491738369,-300.9117809470642
-6.227320651607077,40.627443299400255,0.6046378084334914,-2.2713149078421915,90.47011170580672
21.497955845889926,-142.74780687196818,-10.522404250362026,55.48165882803113,-785.3808540722928
1.2968758462632906,-9.840120919612058,3.9197776939794484,-16.712604296784875,128.177525655658
-5.552384944835005,24.549974068292272,-6.901340598983467,41.699468165736576,-441.5659156329298
14.996741784318196,-102.97955426858533,-4.98228988181733,25.477542214757968,-430.56064249094055
3.243951563234564,-15.721662160707783,-18.385260380107983,102.26283571972577,-1075.5808373057191
-0.3747819794435998,4.517925771741773,-19.288634432873625,120.77859410368733,-1250.7265859541892
5.97787168593648,-62.33493428389002,-0.674871591636934,12.386821346534898,-294.77655027047393
2.8635847125391534,-20.47755753066918,-7.646378430444358,54.81959161429053,-627.0895429842717
-2.312932482581612,15.33383015879792,5.536764502786036,-47.59077104007038,551.5571726457974
-4.332323643693523,23.469533901535538,1.3699476545274156,-8.33273643190928,122.79550911569203
-2.8151866696703927,15.564856136002094,2.3785115519657216,-7.583392890751005,86.92869310275505
6.113018619766396,-48.752264408051964,-4.1792826041799715,4.252297537424678,-107.90671320535486
5.164655524091021,-46.909292714167634,-7.134593797198439,49.73150311231115,-625.2233650928409
16.868123362067582,-114.41961291994052,5.539177057977878,-21.87646713949962,26.408549300739733
0.08392819776990694,-1.9997072875763822,4.007408685976958,-30.45788297712414,310.3043011240379
1.1048277313494423,-22.993917347075726,-10.629046455134308,63.91079374847891,-732.3652373008762
-5.280927476884297,42.843007971048166,-3.4531041633511896,15.448613462592895,-80.27562828089036
-9.007743815507101,52.87406347419206,8.007735764326085,-47.20699575604666,554.6828322738456
-11.07573581341143,84.65124257651222,-4.462737540640316,29.725984052105662,-162.05026371109895
9.456185573074615,-61.641437455475405,0.3317870413678054,-5.563632528599179,-34.76715564827512
3.0414115399068806,-15.883253931864846,4.373819926200352,-35.74674769277735,369.416924101224
-5.386287384951626,44.80651339212581,12.171552842574268,-70.65710036932103,835.855808915422
0.6541290263080681,-3.729755071103875,1.1075164190536786,-15.035256409201647,163.60409793013915
-2.195435259545974,16.370674702528788,-7.485538009144646,31.367000230330525,-287.7062635977597
2.2507927280523647,-12.395703139197883,5.540061004581263,-32.631647635528324,340.22837250424357
-4.3307837074172975,43.77194723518949,6.703089495641076,-40.133206553847096,527.7041463718613
-0.5506682799758184,-10.438743446506646,-1.0938023111101498,-8.075999023600858,56.012958727559166
4.139238572311445,-24.640254127705468,4.247734860548144,-29.166089202534103,284.94409661392285
-7.928168218371962,63.22631819407312,-17.4163124141889,102.35575779774946,-955.2062678725695
5.2627908431860835,-19.952368376488458,-13.391320348042726,87.90915869004812,-925.9320207397722
0.37663513771968454,0.765438440819493,-4.467125903768015,24.988817809766285,-246.9239297222666
8.94434503827343,-64.55912124699975,-4.235577652407925,37.052084206106315,-512.0380020965628
7.530967161125161,-60.970504828908346,-4.544138592946957,36.80539753181509,-523.8886898320084
-10.315594056511227,67.19482584410311,8.874363912220657,-54.726768211447094,686.615592040645
-11.57262425166459,70.7043881661402,-7.422239345792594,56.731124222641974,-516.5704797785102
5.968722021610776,-39.86800715456383,-13.614216770151078,82.79408980999793,-926.8470336060999
0.1888900919931734,9.681946590033643,6.759825470140848,-39.89338611055495,454.9913046108653
4.0018916928059385,-12.134379777951523,11.274547185791397,-73.42382538081225,795.9440622577052
-6.56206444852465,37.409925445753345,13.307646995339397,-81.30733088690232,890.7754622491423
-1.3534685303312546,21.71331369667685,2.3518975733174035,-7.18833501821007,124.54423985806757
3.3493429923971108,-21.893910716157848,2.366579565528683,-26.72761526949833,258.3908529142761
-0.679523871867552,-4.06351443300991,6.161089822567756,-32.46837724955794,309.6811148475145
-4.617086910829219,22.413102346019024,5.8101599678315115,-33.27345916427404,372.24449764537036
3.911654141450429,-20.194037404152468,-7.542058618446804,53.62357749505768,-591.6049234830169
9.992818896554699,-60.57624245045237,7.563362783124416,-62.27922762995536,591.5267246233649
-4.599257432407828,39.46362038577559,9.584866831616976,-54.474687155925984,666.2281507139213
-10.709034661752053,67.88465035078612,-0.8364594121127253,7.626524130692758,17.225046516794
1.432517071474564,-18.557345777951607,-21.25846063673499,131.20304371312687,-1424.2667688911145
-10.798154800645525,72.85855933948156,-0.5153245198854935,0.027415139004979494,113.98563093629181
-7.390376496577258,46.18373200341486,-5.765174322182533,39.13055932867453,-346.86324063288345
-9.063641349845113,69.45335095702714,-0.1216733473093886,-1.3960372051071777,158.72843267204513
5.7130556713884335,-53.95526335432976,11.585262408518911,-76.97048393051982,705.1843044150829
-0.9128634688093848,9.797571143763268,-7.416223723010918,61.57146873585204,-642.5997567423476
8.8725113498483,-69.5697780432478,-1.2104273059476127,0.25787521385450685,-127.55778212670891
-15.481681634442147,111.2418777269837,-7.458320600210068,37.33208370978064,-188.2083184470624
9.60936363176881,-66.87992313547161,-13.821376926431629,78.87402796372835,-925.7254820645185
8.677346651746811,-64.39774397821738,-3.4341712891628196,19.44082424065307,-308.71191710382163
4.709745648544822,-36.89271629518473,-1.15793069868868,9.187122950924742,-178.26563153177855
6.856166513861811,-37.868755480187986,-2.266037137913111,10.423138493056701,-134.51303927029937
-7.7892804956371835,65.68503411414216,0.6140007682864008,-6.101536996577895,192.01822042236282
12.84432956854657,-95.2942705103231,-10.552433533456439,57.826166038843944,-776.6441487607349
-1.7124466528659201,9.987420555395602,12.698830901707925,-90.58209150444569,980.1932377140369
-18.02222466937691,128.85637526438546,17.186103320770666,-98.04924043979906,1228.6511159992265
2.171741033477788,-7.2264657576507965,2.90364980931676,-25.521004936988163,289.4938941110153
5.794372663604306,-42.11397572900789,0.31374840878294824,-2.083242598801523,-40.435671667307446
8.747886492370764,-63.20051431364695,10.779599839759054,-55.577811163351946,462.1759766662665
-4.37099225298331,14.473250615675916,14.100698923392278,-79.34206444797903,820.6721714066739
11.098115854198,-83.64929778858483,4.302529274285265,-16.5645349473114,4.965072645611459
6.665860770371931,-53.8259516002641,-8.085442125290598,49.65373275572305,-620.4388149948898
-5.819267969840758,49.79613078811505,3.284824859097678,-17.436093917525305,288.24871223568437
-4.424970127632307,42.55524056099522,-4.808839572974764,19.82112798581594,-98.9779108469485
-5.726111738296042,43.49127372922669,-1.6936410099338417,3.9595477288712493,61.4379817465259
5.583285604367438,-36.01431491192474,-5.591527091986535,39.71447668214468,-470.28612829679287
2.242706977008995,-30.42394906003772,4.416712141401849,-33.6955128151359,286.7654302348112
-3.874782260723911,30.828962646459722,5.549026291253867,-35.541298037050645,422.46834588518567
-5.029843726146031,32.78650267883581,-20.766473387173424,124.3771635271405,-1259.9614276540813
-8.480567679320256,65.55824525751386,-1.523555019048356,2.419578405159376,112.08195201463107
-19.064631266971922,136.7391666111181,11.017610310976215,-66.68412188267874,924.5060011602748
-2.4575394165567443,9.335320413186572,-2.908115900981039,16.304306281777464,-172.0928274747627
5.347204387554738,-32.19612163903782,-8.091559713613922,36.11070406295194,-413.2771139561833
9.279213038489168,-68.06182175026409,10.058379863056658,-60.84343393055428,520.6557174727164
1.6853625603726978,-17.158043895559572,-11.606636782001901,78.69287849245501,-874.9789276418342
7.530020390406097,-45.2463278636451,3.3419298436017906,-28.08593116361484,238.8717346668374
-3.7310817143769395,34.223242314465104,-9.745898563007735,75.89060219045774,-733.4854050875414
-7.271347135036565,42.697802048166636,2.280998417986985,-11.366759929100365,172.28791215594438
10.825401705663724,-72.02226266017936,-4.855495523806961,35.45790770326541,-488.412890936421
2.6876879410608048,-17.198006427993615,-4.076468498910356,26.279992184328343,-303.792234523316
2.6431664764921052,-14.634114714298413,-9.34953906206961,70.3287323389164,-776.95912120881
-7.6841460805993105,52.96008091938026,2.005817170585589,-14.84329707866283,233.56080118016664
-7.870027836192893,50.646621885991976,2.3302493694268134,-31.50983639774255,422.3933455753477
12.354639293165002,-90.98339788318947,-7.389305026257173,42.99601592078615,-608.960464038747
0.14332095939673645,-1.9401576512669902,1.6297206731307197,-10.49653269207519,118.98505694602927
-0.7786737621943585,10.20810036554998,2.3560946979763084,-17.386753114452105,214.29522067065324
6.240297639935506,-47.55275376099667,-10.542024544074561,71.48123842137593,-857.116377497159
-4.654548533070719,34.86122328408976,-13.954341490322863,83.3744071010099,-818.6576489718979
11.071726477782828,-76.25507721846516,9.607373410547726,-64.28848332180449,557.4659390946011
-1.7278745745568846,16.92987879347847,11.940663267054934,-79.44264750313359,883.0250198361595
6.90676982191917,-45.106436428401935,-12.354720495592417,74.99001485543793,-857.9936306776909
4.164280109741184,-25.603218509007274,-3.505521513401777,15.173328121537612,-191.9184218863
11.111152109022743,-77.96608756575364,4.412308537806009,-37.86345878238563,279.7764980611582
-0.8091824877366481,8.644693121118413,3.994632879097944,-22.591593884088272,264.37228220330314
-9.939425555470478,70.0793776438502,4.736245920175568,-34.24766651420337,494.7275957296296
-4.712255428366529,39.84057527055424,12.286705230233954,-77.65302557965084,890.9977605046857
8.530724092961723,-56.29769755458558,5.174731837065294,-31.79245632048589,246.79018291181998
0.11126903927955849,5.422173086769533,-8.03689556282154,56.06087942718549,-568.2572034561265
-4.387333318352348,32.174442401155005,-9.770122591253068,63.465095161139004,-611.7144107440013
-4.549324795125855,44.283700198742885,-5.551806852502318,18.501143796499637,-74.95606127623651
6.974409158242766,-43.36584711931575,-8.580727143870995,56.55041117711154,-670.6177865681157
-7.618105884686103,54.39144899467953,11.749806809626522,-56.67318995702508,658.8520884663461
-21.34115248781339,145.329462965689,-5.773698824337577,37.78825791776749,-153.49517517397837
-7.126307918087256,50.17757376578545,-5.40676334558906,28.284881977270793,-211.42423469911856
5.125030465656572,-37.74207595417186,12.53606195695989,-73.69881729278363,695.9260538658569
0.39052427763307307,-1.0341522220142174,-3.3113299292428633,23.282936869508745,-249.87114705864767
-2.7517835330781364,19.24531981308287,12.548830316508262,-62.51926185035539,673.7870585543986
-6.061134959219204,40.17642772847712,0.3381884499765022,-13.267327759490414,229.1687173865883
12.129579718327646,-80.23316302371872,11.753411928553307,-61.95771517097883,509.13206647359937
4.347263003392718,-30.4760074260865,11.373903780963083,-67.00263124480739,644.0401175831441
-11.924636978624914,81.47224371932093,-5.9380290907195645,30.269174558517147,-179.45183044172512
-2.8777572759229137,22.62337494032007,-6.669283566567195,22.509769179132082,-172.29443298374636
-2.6936196500701772,21.86469734047712,-7.917941817786605,41.16118792667164,-388.39323908893664
7.3926297939465275,-45.78631286608221,-11.517465716287688,76.87607974391798,-890.3290634847122
1.2786755398754466,-17.124189886924114,-10.755016147199175,74.40226317198982,-839.1857180988023
-0.2829860567574351,-5.534827395364466,3.1379619021421754,-15.187634911296705,135.57831957978738
-11.814275685200347,87.37005319372413,-3.7139561266376733,23.318844262610646,-91.70974872565763
-2.099829732454112,14.415794245255718,8.699214805335588,-58.2624692956894,636.070533865586
-2.039090465183036,9.792844298526507,1.9911695221463697,-21.53820913277061,244.41561136105466
0.026425511363821118,6.515573034139798,9.23727798308137,-68.76164605070238,755.0293233173232
1.9078201030565707,-17.766927808968724,-6.245327584879689,25.927075783134747,-293.63468294462155
4.550817027088,-17.720712000652043,-1.3946823384046032,7.858467937432277,-78.99981658449242
13.132983389298477,-97.88316559040608,-5.9118299588876,42.106684474073,-621.8857600285014
-11.497245088275992,82.71791161302755,-8.769008404312677,54.32241193875231,-417.1058021654829
9.320830807942837,-72.70967434654662,9.14551917497239,-60.40895817162273,504.0951692270361
11.687826205229817,-78.9955697083371,5.684266685664865,-36.15490193585016,245.5069880652526
31.240944252072236,-222.9618683507937,-3.2770721834337833,25.706121693837428,-644.8417456180053
-5.001717831772279,40.85198097576168,-12.044567918529172,80.3642662237035,-752.5870485930207
-9.150552136929031,58.59840400299951,1.6729684678215793,-16.48352498243017,264.89109293864806
-18.52947981257816,132.60281373130903,3.395485865991551,-23.56005171412114,478.97514170297194
9.341361762291383,-65.91195256530662,-7.415246111892643,38.111576243865144,-496.65972766921146
5.849162254634354,-24.886558664598006,9.047812435542026,-50.834304427054526,519.1639963702277
1.6316276140964319,-13.007779678832284,-11.786002183819,73.7775530271436,-795.629837894992
4.613883980842038,-23.574080865356713,-13.448210918976187,67.15356922472586,-700.0284547397747
7.303389197067198,-43.21844427177007,6.702157984069542,-55.72303855354851,551.9364818157773
5.548326229063727,-46.00313767963366,-8.722304701826674,54.930963939605256,-667.3833430946652
-0.44419554764019026,0.4645797247193517,10.991799368864378,-59.394886716772426,606.8055103053049
13.580037493372597,-100.43202253191589,2.79153244689042,-26.8944270382643,112.2036718872546
-17.448261382803405,115.41461007055152,4.036516776369009,-19.248570193891965,380.418540690857
7.081129629254308,-49.542923701794344,-6.050151291071401,26.623848383545976,-346.69026986131007
-3.09305094982692,10.91199362119162,0.7426097316685144,3.468043833227629,-61.49448002481084
11.088547858181697,-73.1271486929673,2.3169578912440354,-8.895619834362417,-22.41386872373484
7.28291540715796,-52.45585978032674,-7.033032499608682,28.95793895917369,-378.4384122521623
11.74478471258759,-78.15122739392271,5.838502062425187,-47.403172458349395,392.50804996974284
-5.43724090399011,40.88787981809621,3.3197472743553216,-26.147132760170134,351.55145979194623
-7.054792785968536,59.00584723071555,-7.9455647858339,52.87145044986514,-448.14326612262596
4.6493904552097405,-45.29854196793793,-2.982721328961102,21.833475703144163,-344.51033462930593
0.4376891461804839,-2.3550340707168402,-2.4312039843518796,-3.8154257069919595,57.75065449570183
5.866784099983198,-44.1267295378425,-1.3223402213004183,7.737208390752256,-163.08978219120868
-9.419623349774547,66.98608154265868,-5.539802545002304,28.21948713246055,-183.71419540338073
2.854800820833386,-16.27109321581324,-0.5533519242079445,-4.164790038859169,20.256847046495224
9.51917353244392,-70.46380388961259,-11.156552649404624,66.62778744714024,-831.9263158954188
3.3665285091432646,-23.237721734465232,6.242713038589655,-27.925363449670925,236.91778198968555
4.349235268504885,-38.39335797973752,3.6087351390462166,-33.79923151233865,292.7639559622152
-4.897349186934716,42.01945474884931,0.11180219800316653,7.402477679545522,-5.624946498427997
16.324044840960156,-122.47314066431818,7.157477582583311,-48.091061128414715,285.6835731918297
5.900149953515271,-42.74062516639954,-0.7734799019548182,9.078320793362238,-178.88371108411667
-4.908470795563867,41.3396690305267,9.281436901182792,-59.358167935354096,712.7839532791188
1.8187653874201475,-3.017305107864429,-6.210434158950203,43.853773990499306,-455.3171320050562
4.839305288448226,-25.49521120332477,-7.784611873148389,43.25205357684019,-458.3365017067678
0.511049963295116,-5.89581122571458,10.6916694666839,-59.68817853043273,588.5571167359682
5.410543016472503,-40.72344938153179,12.515980548372964,-82.9184955971942,809.7753670913194
11.044629808251825,-68.78920157157927,-6.844659306693408,48.9978821405464,-634.8326590764041
22.087178314396805,-153.2390857783615,-4.508223496863197,25.322445795218343,-524.1337870482494
11.793691809024015,-87.93059969660337,-5.4324366165946705,38.0274367669688,-557.8352619792203
6.286844539731603,-45.788548680297225,8.412717572884112,-43.50392908138677,370.4813147196822
14.761768193874904,-93.43470905082886,2.2583600578061205,-20.6395652386935,88.33893880022563
5.790257151107739,-39.95022541717753,14.635905131999255,-94.71258880224225,938.6266339257766
-6.8027547647823114,57.76810858997743,7.962198142003038,-58.79392832887335,732.8942224809756
6.587200578334143,-44.765645154940536,-6.977605937154582,41.08942973297931,-503.60075592674946
3.6559625330522265,-37.840321852322376,10.916210066065274,-73.61979667450085,692.2260335380178
-5.659520998293762,54.155361598117885,5.468186154944321,-25.518279369850852,388.6978744431803
7.1952893368250335,-67.4575416803059,-8.123960013434024,54.66556302277458,-729.9953695684128
-5.5255726219357,30.76335759353134,4.432201859038509,-13.82066594126217,168.4408690989008
-6.3065896639576735,42.850297816252024,3.8302885673245335,-12.36595196606631,177.29609847890723
-6.260585442674978,48.0203281628319,-0.16956884822009358,-4.407090542582446,140.64500746112228
-6.545283889537715,57.74962423255718,8.003752778409023,-39.08552637964716,516.9886933610669
-0.8069732517050129,11.300449857059732,5.976166105110108,-33.006506906481754,374.73587369790965
-8.444319919789374,56.14491580545597,-4.411870592477508,32.941697063221966,-278.765496227281
-14.523467921596653,102.22861525230695,-10.215081178616265,65.3420247114902,-510.056766477451
4.259850718201005,-21.094710240091306,-9.518358682443123,51.71700570207814,-553.1402361829495
-2.0735394056385634,7.076465470213195,8.383920196085041,-31.107102553475926,289.1573748549925
-9.612528849180158,80.71019748690891,16.720662980419995,-100.38433169614808,1220.2520151272406
-3.184368068963553,23.40061976975303,2.7301187311215735,-13.525537264593892,190.51543814958194
-7.191433320814052,45.71343853453698,5.098299831700077,-20.36924948393945,266.40514393391214
-11.430581159581898,67.66968752737071,-1.3609100788571364,7.789264030387601,8.53373803034475
3.6196095388053737,-46.556396924126304,14.104947943891666,-85.4544978860733,776.9684409288118
-2.7238766673455337,21.337494683374597,8.75910576746647,-53.35857069003219,602.1758099708038
-8.115965866784853,48.87912139879944,-13.933643329814572,88.39355804680227,-861.6017817898588
-22.061832451344344,171.4189585186638,-5.778171932297208,35.23117727100359,-51.30126039883923
-1.2981531707543945,9.85645528020093,9.39448325088756,-48.85786831353271,518.4538266702806
12.502321446243428,-90.09603372041681,2.4753849268568584,-19.30953045073003,49.730949135622126
-10.069230017990764,71.12137192151114,7.1897290852514235,-52.900486508218805,680.4349102726668
-8.520313864980698,56.604387707893544,0.19717797447747368,2.241162953838262,66.07430103934014
2.935481764401879,-11.49535599240901,2.1894754825160625,1.7675178621364278,-46.90799354733544
-2.3927692916891607,15.58736236956025,-7.31381525247148,35.75561543061164,-350.283944609477
-0.10150504613931009,2.399183708486639,-5.842594328007838,42.65149759303663,-446.21330919342194
-9.274119541473544,61.026354187323776,-2.1455631192623805,20.778651219617302,-141.40754984998864
-0.5535162109904166,0.05957624048717802,-2.078753043811678,23.39945730186733,-257.1913358047339
7.3973965864158435,-53.117390348351485,-3.88993149793583,26.01157669504447,-371.7096552349302
-14.893465698998764,100.53677507497629,-4.604010373235443,41.346116277058144,-294.17701457271903
-12.164669391527504,91.3311239874099,-4.705200871838111,35.023067775161586,-213.93893714973882
-1.0817941544894194,8.948633181427123,10.781576191803273,-63.386861675011446,679.7898684207812
11.094277702384696,-79.7129367917567,2.772669494632487,-2.3800955415592018,-131.48058050386283
17.651751871940135,-128.2609488517908,-9.620296748216314,65.69114125492261,-930.3249722913896
-14.698775130599717,105.67239148691546,2.74374279488823,-14.947505267430095,340.7691897871522
-0.7124753344736099,2.486148476112675,5.512597300599684,-32.57790618654496,333.03868216985796
-5.777711725170745,32.88828867008964,-1.2363534633658682,-10.84527224157987,176.37319318074472
-3.6445343432954482,14.024316353260359,-1.759795556909689,5.613110757447,-61.2891160041762
4.454051324863933,-30.45027091094383,3.5361070079188064,-21.105606003737368,167.59620752230785
0.6837716722639676,7.854930305741457,0.8941478184479901,-9.755184550842504,148.47719611189893
8.237726244534139,-56.73415641430661,4.807481972946634,-28.236419868394055,181.77034728087335
7.201194122066143,-48.521841927500134,0.6694208920815875,-9.269322085877183,28.580538216349765
3.330720653994729,-26.850761996492313,1.4634340641680628,-10.333714669324609,59.497746674343624
5.511147433949786,-43.39736025618719,5.655252576354441,-46.74052897693527,427.9960186775957
7.02552112409981,-38.27159986299171,-0.3531255435208926,20.636727653326254,-269.04991505873994
0.46035945336340084,-11.045452563380383,1.4835775708763923,-10.261301832643097,76.59627109112182
-5.633842009313898,43.626000789339926,7.6586321450371635,-55.832702706743035,684.9787024019819
2.9037017845447397,-17.322737518026386,0.572355589112622,17.329906926876777,-236.58514357029296
-6.0900054331213225,39.78549006679807,2.9645411404724764,-22.476289393677575,318.9532746883451
-2.7717267021818484,8.138347727849636,5.4735513051037,-34.37906319203785,358.3864996482596
-4.695775199393364,21.182014013153115,-2.1229435801856926,5.5517617600442835,-53.65615392893757
0.8738995566283108,-3.9423148407015947,1.340373305572693,3.5098855839593153,-56.330313767649514
-1.542566917999923,9.648691157198979,-2.5481472654244164,18.765750742226167,-185.18287723396398
6.976862555258755,-48.1351340568555,-6.330037873317187,50.36063799341299,-619.9644732152813
-6.454233799114156,41.6705816182801,1.9455183844537292,-9.531784298414832,158.42664244362624
2.232146760198898,-5.904909423167641,-5.227252416022576,22.135723002039366,-215.93360419065226
-11.881712582611662,75.9283848421507,12.0873644898858,-72.75656187891758,883.7274528948706
-7.227887048222681,52.21542393545933,-10.66315563519757,67.10650595582732,-615.3341192154603
-1.8076295335604768,31.556782996782793,-12.56431175411344,61.80536447957216,-523.8634427112805
18.79036211438888,-123.09559163057793,2.9288095313699527,-21.420672071587795,42.344719660083776
1.7002067753485361,-11.861360955585544,2.6083333292635476,-16.646839486853462,162.83735428204358
3.593477025878432,-27.714915529214526,8.294050131380613,-43.62435641323525,393.74082291844195
5.4942503906648215,-45.51955578899233,-4.214832958777232,39.62082979681492,-518.9205619282235
5.620912535973412,-31.85616982988298,1.1762542432200085,-6.699697249242673,30.009906358976774
-16.907131982316884,115.68725647900084,-8.870358549066019,55.49629283365987,-388.88081656003874
-0.6000688761766728,12.309649750935659,-1.8933935003996527,13.33245871088348,-108.77918635453678
1.8507619090786203,-8.96453607719123,13.819688056888006,-90.74955928808328,957.3057050765785
6.388681794544645,-31.387956772540683,-4.6094424195092865,34.96546518252326,-393.65631725456046
4.510748927460195,-27.860642862079786,-2.573001642048284,4.28714125616648,-69.2647215282393
0.8261377939573971,-8.054133312354448,12.51282646302576,-74.95020193187402,767.3958839291747
-6.280721512306547,37.98802170812165,-11.03702528810901,64.95291175618829,-619.8449334959322
2.0742514424510365,-12.059306993513427,5.901543005006062,-32.69545521857975,317.6566597235838
4.877824258909852,-30.066220772090205,-2.7020811722621687,26.081446417193263,-319.97552949490847
7.7713152002260415,-56.17181221987461,7.627567734715526,-51.08219248352874,445.0674934776593
5.418229330671559,-43.20361120427117,-3.298784527674536,15.401126964243545,-243.45808919221406
13.112473395276186,-97.87385812675198,-3.173993005638305,13.138585945183245,-305.24719979463663
2.687931543494769,-25.998289184228543,-0.8656829239501953,-3.5238444006828535,-12.985320501195273
-7.10681123634569,41.30620909063241,1.3059508509021194,1.0493784934937445,30.913034324789166
8.07753871645713,-67.44405135251081,9.477416527140953,-57.04711075583714,445.3246972041735
18.866199834634116,-128.73674318318203,8.03103657093494,-59.916615405457264,457.1097476067627
-11.210018481275227,74.26320112021179,3.7069106359911923,-22.276124414784434,349.88930815203065
0.6454748313313121,1.5468301683290795,-1.6488898094090119,1.9917347789073885,12.204357261982203
-2.775402767007298,22.642337861184302,6.291096206689011,-33.95035758569055,392.0414518489355
-2.4392350660002693,24.51470942634954,-7.690436848991813,48.36354963218504,-469.8847470047746
2.3022375986108528,-21.07580486587819,-6.682589810521666,42.06413845062795,-491.3831721113357
4.332762153725671,-38.02902905508525,10.993968857061118,-76.34010347735895,725.6125720697457
-1.7641746468419053,4.891808587995989,0.7623485534185206,-12.31691670226479,134.7386618656555
9.090265010324199,-61.532394015912764,3.138009487575487,-23.136027578489227,158.8851723192784
-14.348989801199236,101.69366757553588,-3.544926870481432,34.25770863301223,-209.70685510236027
4.415080851442132,-45.21731769723528,-3.5818747837300897,27.3627623177773,-400.81700157908415
19.846050081526748,-144.7943236439253,-1.1434683615764705,2.4875147602070236,-274.506059055299
-3.986882141551734,27.877468166253056,9.499167016096827,-53.99244987298894,598.6244216695325
-5.628916748990005,26.23041878871942,-1.7114163587951596,2.5633770825600886,-7.170892540290389
-8.047827816649491,60.42163149720411,-7.990023399169902,55.606082567237785,-489.72667944951
9.737656726805575,-74.10601609973928,-2.3513446121661903,25.885114721482818,-432.1680958345549
6.679806829562139,-39.90302611295003,10.878221106234786,-82.95945098343226,851.9718622568375
1.4895359416685545,-19.885325595307442,3.296531962781,-31.324646227936828,286.5065336726533
-3.970384320965957,28.71694980573203,-7.472818065682128,39.46996009150958,-351.7812430215459
5.395600750239165,-44.252629177739344,-10.397842865575752,67.00136013973673,-790.010693883075
-10.01800760537327,72.23952648798294,-8.249975901840273,41.493429202170375,-299.6012095878935
0.8754084302097229,-8.275253222538646,-2.833281938395659,15.13055745532489,-164.53072140415293
-0.6271349119803845,4.346472203903268,2.3551012834881706,-4.949955361564351,42.84321013032656
1.6934981086181613,-9.13199358271812,-5.073344297818745,43.78355395775882,-493.0309131999446
-13.62864941875368,91.13493286879834,-2.0782458410873677,13.634763124429606,11.48996045678207
1.9728887292746518,-16.346988436581142,-2.8889305217305643,7.679390497330074,-104.75500025082604
-3.32422712541481,23.25656128855823,7.974976657565144,-51.91680743013463,574.2826885582385
3.620760188942008,-5.5799142261802785,11.87357209307104,-66.75467791031247,740.110680519135
3.2768777506774187,-24.240181464572956,0.9120844109801797,7.109152264523366,-127.62845412230111
-6.65154902380638,44.86713804290953,-5.521097347126002,26.08072898574565,-190.87717238172547
-10.813209804578356,78.54020596470242,-2.2859369086612116,-0.7781707622667593,150.4626032999136
4.720676989163737,-39.89499133883566,3.539047544444978,-13.357441321892079,48.608332366444216
-6.680675968248871,58.44609157937657,11.098870968777215,-67.85116493421646,851.2062581713059
10.248766909382422,-68.16606400209803,-2.1027505328290386,12.305769682460829,-227.92965782279197
-1.15499629513238,5.205218881672312,-11.440227161214535,74.05592914163735,-788.6814396494314
-4.025337915800196,11.125012280089933,0.1071886656678723,2.3149376137689197,-43.99015693641893
0.3694851733895997,6.712064859520513,2.033096996087546,-17.466621499116698,212.45853261710386
-0.515918514177755,9.086633593617705,9.11990964720303,-48.3536250902819,528.0780857284598
-0.9111005641744054,13.24169140450051,0.007796182559648309,9.105629974018917,-66.25454487255328
-14.675862229529647,107.9352960241293,-3.668865354599203,20.01165197423887,-14.771439640599763
-11.782375012388218,77.73033262311525,5.659723374798231,-31.379619254971956,448.44386274027653
-3.6340800952545957,31.245267357205105,1.5598922566982942,-8.62288448421275,151.80125615202127
1.3725370465862692,-5.44122634304531,1.7234543874543076,1.506265720702416,-30.448948410761844
-6.677677143565826,52.65482502627138,3.2133985881685247,-24.319473166541066,369.03134845347495
-1.5526027756447454,11.647145097761726,6.169643305767181,-43.21368435133917,473.195993073329
-0.9871316306479175,10.5473480489065,10.841817452144545,-69.97224548285018,774.0983259957203
-0.9485673586448818,13.569026587354998,11.59579359850692,-67.06813446594239,738.2189995568281
-9.746123324558438,71.97415937882823,0.8943969451443814,-5.4453081309051115,181.75293456211054
6.67083036950477,-43.27137414972849,-6.311903040262139,38.89797642306773,-473.7680109231563
2.860129890021203,-11.753495308820716,17.746960215782018,-99.04245662744272,1016.0788571923564
0.5519510343835533,0.7953676306060542,-0.4029801835004269,-5.517092735455033,75.92740254937094
-0.8648068467146117,0.40298330340882416,-1.2952340743864232,2.0243637300724755,-18.360100155332184
6.026684806282836,-40.60093675421213,-0.8012791353806181,0.35855959117196434,-62.531107123821
7.0133336297522,-41.15351678116442,11.50638051031043,-61.95828129259548,582.8921116652541
-0.8163441184343492,7.411538595346994,-14.543251670925809,92.17629420560199,-960.5432039183199
8.138650426241776,-57.45704026151046,9.238859852627153,-66.37899411722485,608.3965366608603
-2.0424026917930127,17.914156412205777,8.424895403502337,-45.75114497241966,503.5644593236593
-10.03899436909096,66.05452172942672,-2.048368393359381,7.1038324772966535,22.232253987558877
8.776175145807112,-62.72497036068255,-1.8571495056483287,15.921048271714337,-274.5569839782105
10.330124844897625,-76.69649145556585,11.726993000555455,-69.23794039178158,595.996570665434
-3.4899655426106913,21.520795771958312,-9.77610540323553,64.94412801721873,-655.515017828602
3.520098571505699,-31.12948315199537,5.650157067794185,-39.27380384419854,352.3046036618821
-8.094256128823314,60.06653110573244,-0.25232639128202344,5.679527447345609,40.629581696793494
6.399517310641071,-50.86322612825246,0.48421762218140635,-4.9962664536530585,-41.81945874158791
-0.17317998306113538,5.619956402003298,-6.454685481368803,37.59624000928753,-385.66823665674036
-11.152697181084088,85.0125361560103,0.8507123436853744,-17.114427815397203,342.40125554620636
-0.08199773586259634,-12.153771081435705,-3.9942800007252006,17.378883459011316,-225.3313592289791
15.571290797272798,-109.51590772809622,0.5849077672875438,4.785902600800073,-233.70052373915644
-12.051801839048554,73.90578103236484,-2.895918384843598,25.580342598419954,-182.45281245813158
-9.935042923176399,65.68374393584372,-8.115008743171865,47.71866686602914,-400.55078685393903
0.07975708334014539,5.411525157305785,0.18747028839313068,-6.195347869855196,99.2740285207014
-7.931457116830669,58.78117466293434,1.0061240311985915,-3.5886820701474194,135.3278471980274
8.302423786649273,-77.99929772380925,4.342083070860964,-25.81480462604068,100.56438608408368
1.1767799607665308,-6.179071840067321,2.547636786992776,-17.33514852326773,180.70529137444146
15.939896993394761,-114.95333530457586,11.518154848279998,-62.51800864877755,439.55716944108724
0.5860203286746791,6.289401023852641,8.701327354000345,-44.615795250308985,484.9603238729115
0.5405797452965663,-18.35952583170948,18.082959316352458,-108.76434139183277,1075.5573426584042
-6.371321008803194,42.954332596183946,3.035189196805094,-13.031683646654521,187.59105905406855
-0.5148097647870947,-0.5668716683597848,-9.226810373011661,61.442840119676276,-675.2577835739487
5.520012781011914,-37.22370237211357,17.94982191015656,-108.09510210783547,1079.6867363367767
-4.806526611447177,28.31342616949812,4.027522770983846,-39.88963641847218,481.59593141688
0.3106430644275585,-0.14428065418025104,-3.08031978410123,9.18632754994201,-81.86745549046954
9.068038409160227,-60.9785032969825,-5.743478631644589,29.826705270612248,-398.48060671510126
-2.676767698899487,13.188060270061946,12.16167020026302,-74.29729346338065,777.5979743041745
9.640529700259341,-78.3576001341047,3.370592536332069,-18.502113452923968,19.389202369522543
-0.7703680458854372,14.787290591374287,-0.6881674124695508,12.696753503105496,-100.47972214202905
-1.886121721624804,6.383390722402817,13.518830094408722,-87.32919943736024,919.2542544470439
5.642200680157117,-38.78907556342519,-4.130176514415863,25.40163078503103,-337.7182821009189
-9.39714337584586,62.738963372676594,-6.533663625920228,21.906882265737043,-114.17473900088422
-2.4113133125458637,7.577566686065124,-5.767324539365337,35.207193876141986,-388.1165176199049
5.346192710119098,-35.48115425969056,1.6984028806019644,-13.73276332712344,99.41257650563007
1.236925053284479,2.541571331476277,9.174265667218176,-54.9504975971438,597.2734913268148
10.338320683397914,-79.35164482695188,1.0211275602988725,-5.974805317009491,-98.02655244917194
-2.5599045514143763,22.946625102876062,-10.85319140159854,66.32302263456137,-644.943889026236
5.234271540154746,-30.573620846787783,6.5349098187006485,-41.8115459060058,389.03970179461606
0.36771895719197467,4.304213192942353,-15.546055282184527,98.34910127325496,-1012.9220039041682
-8.342912909385541,59.5081767130329,-0.2334699924805529,7.003645533737805,34.809122454305225
-1.0020079851412025,-9.805055206090591,-9.033639021565085,56.94684147623429,-648.1469213826811
-0.7649349744815783,-2.2489791902080674,3.9631931544401997,-16.631629679987253,151.37738728148182
-13.151497851160848,102.21133904249587,-2.1701878786439566,15.453589679686154,24.218469051607737
2.838219172926164,-22.704964778853004,-3.386595420382606,29.107861018587503,-347.4891674772724
-1.6498384006129114,10.868324774381339,9.796192246881137,-66.69445608985204,717.5182380821573
-1.2843908665435602,8.832741595172845,-0.16742308139883583,14.051231042753853,-148.89805950249007
13.210804890530985,-100.56936500820711,4.790247218158801,-30.929985291835195,144.6447447719607
2.8792616321946896,-32.83924615069813,5.120838441215464,-31.15073098728127,254.30154121832592
1.4218476638644186,-13.996525466743034,4.178497246094055,-26.615849043952313,252.5666850849914
-7.697818364695187,48.534235452324594,-1.6179105552676676,9.530111963312008,-30.77542272925493
21.700070547794923,-165.00405835473936,9.278833673486098,-49.90969233606125,226.569741721355
-6.02237589356545,53.453064828119764,-11.706659496157876,79.94918965004935,-742.5500622964026
7.204646115316659,-48.13816708312867,-7.821472515707606,33.2165360781586,-394.1741295637771
8.097745313433517,-43.25997572889139,12.102557505045393,-74.7882376378269,740.5629615296831
9.108169935960051,-48.66475106412227,17.417301440931922,-102.03523905970073,1015.644539456576
-13.705738987345944,97.47450188066222,6.7366349580384055,-43.70277361947596,626.3769182340069
1.2075073223882242,-8.636750655778922,-9.340668881569808,50.08233845258185,-541.5665826217655
0.8152958437140055,-9.409744461660347,-3.263646274579886,16.513205957966242,-190.55576409364684
-6.953113101795737,52.594180421261825,1.9504127091077768,2.7077130196891517,55.34358189536525
-11.859324266420915,84.02474645834,-14.322111098693888,85.98953027120257,-751.9460224382505
-5.240355520581887,46.879953498615954,-2.49405775699637,16.429722914550553,-78.08886911664929
1.7952503127154282,14.95915712467948,-4.8049415122001555,14.79096558417704,-50.59844725509914
11.017488825536278,-71.74222269868879,-6.210628560631292,32.569855817957134,-430.15045810389677
12.376868439424628,-90.68739671222126,-4.707331676253289,30.167710344970505,-476.41129908500733
-8.439634432143809,51.20924866423536,9.777654360333504,-53.203877168825144,606.3223029980016
-2.7677295917119795,16.412833747044893,7.838662042511651,-61.82638244685317,686.0904063889345
0.9651299486453444,-6.217304953712599,-0.35269882376813855,-4.551370737849439,52.933943292646674
5.632389784070538,-47.336925185519355,-15.191663140748979,97.18376956506215,-1117.6280500663993
4.316631929931392,-40.99610558904128,-0.05988724190723763,-1.8318095806107701,-58.68209733414974
12.146120115820633,-84.19432443325346,10.51820764709659,-64.76055483820528,541.3353624947771
1.0411964838737642,1.755985819022805,-6.4314647847110145,24.922668832624325,-225.96407001328438
-4.348773454745218,31.82619322801905,-12.835390718511809,74.20649561993346,-713.3044596031623
6.1723550093024775,-47.64255382983313,7.427306331338981,-47.989171047568604,413.7567172898504
19.75687052345636,-136.39784250510203,9.116940824428264,-61.250566766902224,422.9919262051489
13.221105987065906,-90.19643656988107,14.190695421720557,-85.69507004002685,743.0585704007543
-0.7207242657451023,7.606110092612926,1.8977956535296463,-13.658840759539565,174.1562381912366
4.140479312331703,-30.085108345093335,5.040894791967709,-19.9463830005714,151.7623719114325
-3.7758921613213636,29.650864797793304,2.9776048208166443,-24.47947551769491,318.55388976546527
4.577616075421138,-27.243717926088344,-0.8292233904755119,21.696437577289103,-273.4718565629725
-3.9373000128200997,32.10171075946465,-3.3117050278328333,33.21508285731793,-299.8102327701047
-3.377575914666446,21.989240894115774,-3.4521849008964796,13.678046488520222,-89.3447012633624
-12.029339883605287,82.08763469747257,-3.063726022113181,20.11896416737375,-86.21520574589401
-2.8541226051204145,25.559836640924487,-0.3188784037325881,-8.517013502393052,158.83913996631873
18.638101529270585,-129.2162820766723,-1.001022539158591,13.961276471084123,-372.97947055494757
5.061463227722805,-16.450093431837246,0.6733243666676894,-0.2392747884311306,3.547207095810043
-1.2234696333097963,7.011238691816745,3.440900903296799,-23.55652646116745,276.8320553551338
2.9503268261258455,-15.795227364465237,-2.4850478114207903,19.658800794355415,-215.3812368289538
-3.310755141899998,34.377668627850966,-8.652617769621173,46.933143704636365,-411.2036185989297
2.1759030055699737,-10.375221714357291,-0.9656143464903683,17.618850686216966,-202.72390555045783
-5.022094261734341,27.76072953724407,-4.98046137104108,25.434431370354524,-236.31810042586014
4.148361232057884,-16.48416277531669,4.951791564849572,-20.20570837466051,204.63882809727892
-5.037554355871247,31.02069925431869,0.8294284239783689,-6.331969028032097,101.22166853881284
-7.490074318299087,51.052099436479274,1.9217574692798136,-20.90589101916509,322.63423718651796
8.597263480340672,-63.107100996964455,2.8924242266177895,-19.61037030868305,84.83594608470395
6.613684359965343,-52.49477985442352,-1.8206617476293638,7.145447240577431,-176.71231544807003
6.3239573039038,-56.07971969483248,-0.6192537743709825,8.629461675281092,-215.1175249258331
7.314983974651646,-45.92937098024098,-11.772483539308137,67.49240117990004,-768.1085624922678
4.046653028775837,-26.011602396066944,-14.600719997233929,82.71813662725653,-900.4011361535003
1.6784399911818744,-19.514902055486832,16.851988555258668,-109.03594700767415,1110.9772192632474
-2.6763210501396735,24.269399850326337,-0.07510652293327542,-1.9315152675856964,73.36953404164474
-8.184622013993687,42.42391129859633,2.502943401227865,-21.59038564423016,266.25521837402584
3.595882265362263,-27.995992020665515,-2.415088032023237,9.013894363613591,-128.58461453536887
-9.106553758186283,56.52175476474962,-0.3058073490947466,8.519995770519504,-15.797389685161995
2.4722299038530435,-20.167038495309274,5.189895079411464,-31.647835165456872,288.80624321468144
-9.976843090405826,58.27736642734195,1.4300031465061043,-13.076084330141668,214.54207623045045
-8.276289509514179,62.9808707935482,1.4646452313356262,-3.970500617016019,154.82093845882838
2.5480352616908273,-25.065627255554155,7.396883862947421,-42.473310806899335,396.8314481012328
15.242939155955677,-110.20949646238832,10.664058441363917,-66.79395168823376,508.7844822309637
-14.237448190656622,111.47970492117419,-2.1275142227575916,18.753430871120933,18.013779931939315
-18.64948557528616,122.76437642384758,-2.0592746008231053,8.258641915137279,106.04879711281609
-5.909409525563958,45.81548049348733,0.130834118096368,3.0953403670635966,45.91147052334262
-4.180163026538861,30.534277767806476,8.185645973331876,-45.21095144738638,532.2442360867777
-3.7825801405322936,37.617712386062685,14.494214704853038,-93.8031273318466,1097.6753051614232
-7.574036814090648,57.87984204982003,-7.427341598707516,46.27185423148648,-385.26021038248393
-4.60278608708899,46.105470443097886,5.88119219519235,-32.7334167577522,437.12244027819145
-2.3429214537927736,23.77231767193045,0.5277144694307497,0.12386490202904632,53.86496929532097
1.697838885314025,-17.036389990800046,11.525905434934119,-60.386128658963884,592.3935257621414
-5.621305653435386,38.19732653487227,-6.26552484815328,42.65039524706985,-386.41819107344577
-7.679177248960486,63.1966558022412,-1.5808698642820724,4.160398690760957,81.93198006740793
-10.796292754487483,78.99712366174666,1.0442427098129023,-9.434358012398807,238.36509758935307
0.7728666375771355,-1.0565695681874745,7.082109766127428,-28.734364435480103,293.979930631778
7.009775745861601,-59.34642889171457,8.658140073595241,-45.44315565650078,333.14304428192287
8.297983688207003,-59.234219225627406,-16.6194255008498,101.62651926944278,-1174.3957608696326
3.5484315281455556,-29.323134092568846,-1.6468604787908507,4.633725885841923,-93.8896756345707
-0.4554026400112632,7.857123451199992,-4.697428237390157,34.000739676874275,-329.6300489755854
-8.698039667959838,46.51629332112944,9.472322228956164,-54.84223256336334,622.7908355182536
-6.064428656152712,38.9151576341396,-0.3312494924376497,-3.6304484889691317,100.27450030453453
-11.395037864415936,67.22704290543095,1.7763112386424194,-10.178643799331075,188.52638540749695
13.059081140431875,-93.73548298753322,-5.077046943223962,33.428246444343586,-511.7766969548827
4.767555651383877,-35.76664961859981,-3.5225487237378825,34.16409240889548,-443.2888572797544
14.709456529572918,-108.25147005839175,3.8927635060302643,-27.162217394510186,92.52125905360435
-3.9428145180584635,34.414866131962256,5.501266371884276,-39.127240743962105,497.684889759059
5.292070933564036,-27.335749828820937,4.048436327876352,-22.52628568892989,212.17340279035383
-0.6998751354662984,2.256137224076541,3.901105265979096,-39.676102895105984,433.3606902015469
-5.594782672841158,25.824187441853393,-17.764593756261863,101.94675123150763,-1040.9074048091666
-10.99915742532592,83.58535487581287,-2.7215768258918995,22.420002685635453,-89.52419713697222
3.894835864677961,-30.786938721735577,0.5887878160624744,-2.424330580639394,-22.077367251485747
2.593060392767418,-27.895101632272855,-8.641150102222655,47.34658370976191,-573.3880055483882
1.0923661458047464,-9.979884646414249,-11.964383707129091,78.16240502677495,-862.2697803769257
11.76721554715494,-83.84021208141992,-8.660184638170376,56.62199020653096,-744.211721409797
-11.225002492834737,67.91340805125026,4.128575105191886,-28.2101105769894,374.86201677974003
17.592495521088875,-105.1719257570534,6.976695042090775,-43.63509969129523,332.90964833212854
-4.181600278989769,24.323518158494856,4.978050639863454,-28.332705405468477,330.9587488821476
-10.776711188432644,74.63930890429377,-5.812780458473332,29.79562623932307,-173.86824885269462
-12.251816231047957,77.78430087075284,-5.925523971043553,54.81184831204533,-489.7372974682038
5.124426722756928,-34.54972164536728,-1.6051309805199239,20.381284934730196,-280.3726298602549
5.147844821183905,-32.99949885296178,-2.7614250051330056,2.848355144486659,-60.287953436376505
3.7421794347918205,-30.469734047287734,-6.750675023905187,45.40546538329859,-541.1526703658296
-2.0791785240854557,9.509524775358674,4.110092239180677,-27.533220963422508,286.4309769658255
-9.336641666391984,69.5010660550758,6.154076438273998,-50.85164868076619,676.8087163029292
-3.267769639286438,16.760030415019834,-5.112285388202053,23.377763783170316,-221.231424062268
-0.2691444367997551,0.8068698517387081,3.572958453400055,-17.706192670488,173.8059077168425
-3.379606945210001,31.558515618239632,-1.3908381408121884,1.7526924486447824,62.1917482461989
-8.907581379245194,70.16224835102261,3.748316623369294,-25.00983948003561,399.8356518017711
2.651057946755003,-12.498266852384866,-3.4867918935332436,22.81434191425655,-242.6848226032518
-15.64316364036597,97.80053729674496,-14.34763347007538,93.94525864060698,-856.8887997749067
12.468153948176898,-83.67377785468155,14.171224178351954,-91.63685380355753,835.659581247714
12.206689896132467,-85.55192256957466,-2.356760320814468,5.772565164228904,-192.30600941635834
8.425796259816883,-66.87644016300959,12.53454758472802,-74.37399175863045,652.13666602961
0.41454400964607674,-4.261998736243361,-5.850214598829593,33.13631378524076,-354.982451234814
2.4331526385172006,-16.258072445559122,3.6318626830198064,-13.03499992402106,95.58963118349371
8.163927540184803,-60.81998571576872,-5.623760806796818,51.33595376124255,-666.8352752130905
8.67042043607228,-63.814487093670486,4.563808762861225,-25.353871412161524,146.53166529548022
0.13397562889097733,-9.401525442450923,3.2283609693786164,-26.062084472338316,237.98917865759572
-16.58741625963224,119.95804845904031,-2.3162969672037126,6.801531505962912,135.27950376342255
-0.19862326620235776,-6.6824266865948685,17.5453730799469,-109.28233790949699,1129.731927328123
-0.47479594342798626,2.4835706144262493,5.476531328579059,-26.803915838967956,265.6997715800004
-4.208077851834884,17.041562945063482,0.6058524053113196,-2.185463141572133,19.02229544303506
5.2328522417054515,-37.78164308354126,-8.27433423868146,61.464865022159344,-716.4773156769586
-6.345555335133015,46.937973610345956,11.922609312561095,-69.6943998537352,806.4693188024781
1.653026433844673,-18.61087123859155,4.651413281671085,-30.302891079162197,273.5796238742453
6.393419113070952,-43.90687318358393,-6.272653273319271,48.606374502377804,-590.8317016164726
0.5024705141229282,-13.685162574734498,-12.732317336479738,72.66395130583292,-787.5711840860101
15.690479064493406,-103.02252297771594,-13.509984781790356,79.49348768836475,-984.4422066472669
-1.8190900672843653,16.988378176437745,10.844140817160756,-63.320028586486565,690.5988545807131
-3.990633469755303,37.51992994480204,-3.609509771495239,26.84149287630132,-208.57638585806345
-8.294964633594534,59.08843710250579,5.071186738982521,-26.40130087591503,365.74015155974735
-1.671073728239058,12.547322411965661,-9.853315847160108,58.05404928425598,-579.9867962063073
-2.604270539522024,17.537573847605437,-3.3421929931157166,3.9488060991415637,10.338591474941927
2.9040005679132697,-34.37438080516865,-14.683343127949593,103.80756909200295,-1191.978497853009
16.23089948015114,-116.391871329502,-0.9713325877008301,19.068494421252097,-429.9609998713941
-2.2094754868220527,13.0368912717217,2.12749467734702,0.7200066147799564,12.917944374495454
-3.085872717355324,22.22315836634729,0.7758970086877384,11.437920343769305,-103.6989858906114
-3.850981441302395,29.9972644640064,6.994155361820801,-52.108542374958596,624.110200562394
-7.761229467722223,44.87414414899855,4.254906892383558,-27.004602308851737,340.7592486567056
1.120294381661867,-10.27718938819995,-3.484415818657088,33.49823758922062,-395.47646499884746
-9.956303724232143,81.70202120248528,-2.0963533569609116,24.557131258733456,-110.14086746577962
4.691061212742236,-53.890484961218576,9.500253076172768,-72.01685829595498,644.9763240639384
25.409424560154523,-194.10637004071307,-3.717000998191217,11.04744843276577,-461.33949431149944
5.45613424045412,-37.42517041036955,8.762562320207897,-41.79057017949338,339.92309904286105
-11.667843954465695,87.42730090666058,-0.2905114588786851,-0.21121157351081488,159.16829452755553
-8.89554412711231,59.837911942099225,-4.0590070458219465,29.546146608018688,-207.93357121082917
-1.6855064317518276,29.42636186203367,-3.0171514060736024,11.875771882330994,-20.432357535760865
-2.1313705494335218,15.498634443656435,-11.827775253603932,63.337022733142774,-632.1621168617993
7.344967917914389,-56.222021820624875,1.8597716721932371,-18.035792534427788,83.7918680802547
-2.6888868790764726,28.085616904595007,-8.676658487223714,50.15752071573165,-464.4527436259532
-8.252729428075856,65.84530542536453,6.449519904576786,-53.575788671626455,707.6381890979019
14.62826232293463,-104.14670792990695,0.8324883003740644,-7.0453127848044605,-101.79873675973741
-6.2591887286998285,38.58141420235073,2.0478129151076403,-12.11002993795472,181.82388645103237
-2.333575432722724,15.904386041452229,-14.16663048386905,82.77855452910592,-850.3726741254185
7.444093298574128,-54.66538372420631,5.977079287426909,-36.12319852282751,278.4631637837126
5.036738457375114,-28.740289863970954,1.9490256106136103,4.050470554458597,-94.08678592339375
-0.2959433861310058,3.5910081251469363,-8.733696531744135,65.6478050515965,-686.3531255152834
4.6240114136170565,-37.40638596192996,0.10004870061685743,3.4793834939437316,-116.80904885271418
-13.696540046174508,88.47973332463033,5.56614432275703,-41.692803795473864,576.4294685614987
5.4971345471728,-41.09900497202686,2.080932520846304,-26.844212795896567,223.06716803441057
-8.29218731478064,65.73413761250859,-5.448167244939194,24.62482339213657,-127.75580387396064
-2.1270399294201803,20.70752526577044,2.327028076433745,4.815052390411294,-32.41428592461211
7.45075488960477,-61.58380713775219,21.353931392981842,-136.6710256362152,1329.3339164653523
-0.06025649385438329,5.469403700875307,8.813551566509869,-67.03954030941766,729.4698846695622
6.719094946127044,-58.7888474185981,5.9264867148818485,-33.093767859311605,219.46698752116532
3.271368798552573,-22.89092268008549,-0.1551248897787573,-5.755452169474275,33.10597967765034
10.36719989078769,-78.88194151457637,-1.693670192790411,14.195235145273347,-296.7493480819185
2.379328328865972,-5.4679207463952775,-3.3167859017424446,9.100636070535533,-58.55998507081204
-3.6903516472756843,26.32502331830491,3.7924954338737322,-19.880681580912224,239.90667532809044
-3.5079236467028485,38.12198889226018,3.070781101632102,-21.944013809096703,333.4226777329837
-9.575610595078675,70.05213140687371,6.860802619020212,-46.914716715636146,609.6043801418999
-2.255420962250473,0.3361991608692314,13.855865095690628,-85.64227225149567,860.3517938130726
-1.9287027334811027,9.702691569543585,-0.18873265244089726,3.512054756335238,-45.42670302395045
-6.160443408981046,32.45755800197749,16.63204521200201,-96.53043725136544,1054.8571991778158
-10.817613083751192,68.56399836195907,-5.285316577686234,30.987285008006438,-221.5891966900234
5.107706294285422,-24.49749928331456,-10.916247874658705,67.31332417269964,-721.7175465324232
4.135509041783546,-27.712778235975527,-3.181527524027068,16.47673914298328,-217.87646756218538
-3.132638773271057,13.839713146704687,-1.5084967909777216,21.25700314610569,-233.74903279112166
7.642393170364779,-57.70066934589354,-5.438321358653699,33.420283919257265,-471.44009228316463
6.947469286682785,-50.3582074479231,0.7753126314418466,-6.239271003309959,-27.97948339963633
-13.167534357347458,84.5098188840915,-4.106648361947419,33.37834130709608,-229.70044392699702
6.5108146686476855,-34.45990655404428,-0.2976568647775435,4.564879125353512,-81.67620708093465
-0.38563460503035796,1.5225548826759356,11.525868008864066,-73.63187494178682,772.8105684893405
-4.963154746554417,29.823431717615566,1.4868142196542773,-17.60011899334898,233.64452655811084
7.620614225886977,-47.87361261069155,-9.355913428318715,53.155351834858415,-630.9774519505268
0.2510933906369972,5.312583643387631,3.2320442606750297,-15.634691924045775,178.7299822810112
6.615735947120249,-47.07702186846921,11.300413884888773,-74.33187997579995,697.4485651799546
10.754427470554429,-77.5797542947971,-11.237785166067692,72.10123863763246,-902.1310232954023
-1.590363114260949,8.761088254665548,-0.9137163256255237,1.861158214489588,-18.568944211084368
-6.046023280658535,38.677494706604875,-8.536174326453164,37.48247027652859,-310.0426975477474
-3.6933959452355913,16.58180012187035,-8.871444210151353,49.02704698784845,-506.95088948436444
9.4619463701018,-72.5503428298326,3.8438703209304186,-10.926340050465063,-27.9077587938705
-1.4873945970599936,6.517098827627122,4.911204225111061,-17.046904812291046,166.8420142356697
-16.596344627154956,107.11982724296207,-1.3214530584927282,4.945347209528643,99.13904035511243
-0.7892269906299996,10.677989943153303,0.49303251965498407,-20.687983776085893,264.71220970155025
-2.6241373670852486,25.9694646263124,-10.280494846208557,59.2138358737142,-562.5226261006837
4.862703369678048,-41.96111463877277,-5.275841953321332,31.96693633937624,-409.0888472284893
-0.3319876051032182,2.5072382555192414,1.164741459006899,-5.908316852849722,59.838828183867356
8.366682166422072,-58.45413818939075,9.60623572260724,-61.28292427619438,547.0929573916592
0.981607490487202,-14.82541450640873,14.836337467376097,-94.9722091044671,949.1154798507504
-10.80302084321292,73.9308769862398,4.6268404478497684,-18.223410812257,296.82070075514844
16.08320806245183,-105.08722157094286,9.082710054905736,-69.5836696603012,595.0655186382781
-1.8108918839611232,8.437591333577526,2.337098376940253,-2.6621822200692655,34.01231493660616
-5.199068167743735,31.05872012396743,4.358241632761356,-20.033857570434925,242.61398892766238
-5.733416303426086,57.43414717955689,-0.5865229213843051,-10.558411215143288,252.51629088555399
6.318039903658995,-46.8219068850583,-3.377750897885277,20.60802856982149,-299.84143631464354
0.3132657618988395,-9.872552229326738,8.479170068946729,-60.74412214501716,615.7997116511316
-6.324246056686686,37.99564388555092,3.4710991543985257,-23.100667576097724,295.15114499519973
-1.7389014906158837,17.728097727796275,-1.1006597434056709,2.6598537547421235,7.951263675059888
-1.6279374303043352,11.647209423105451,-12.502599636370233,79.53129414709618,-822.3233401483146
-7.1606276176215475,50.11684807091052,13.664005389188638,-76.83122946107085,876.5132380240732
7.245401466114663,-46.36150642487836,-13.642514008648078,68.86036025680701,-760.3777293721662
4.491503482853008,-43.441464658969835,-12.63870434185074,80.1036945433083,-943.1516296393521
8.501320183057906,-71.86709459763475,-4.173000049584263,39.90026964700705,-578.5773248069339
-5.006440318625575,38.43156595788719,10.079504534536136,-59.78888621752586,692.9720629376858
4.445347660293021,-38.92871405711498,-6.764739825777841,43.851184574264735,-559.9578260900716
15.21478246002487,-102.20005135255414,-5.507089144474664,42.71279276060111,-610.2131356307451
0.12205679706786135,6.313214542032756,5.118987045524379,-32.9955035246876,372.57451181161144
1.172811122321035,-5.482511740589162,1.7274765236110237,-5.95684703579209,54.657754148536526
5.19904161022777,-22.819455702700573,-8.068349758420364,26.445901398228084,-250.0916712319228
7.274516972118962,-48.6519794437575,2.3755792526309083,-14.494666565726426,65.85095523533553
6.536996546196224,-28.885289425193253,-14.475982494424082,95.12724890839175,-1018.3446711039825
-7.660657171522866,50.49403548974102,7.738818557064476,-44.33034670419685,551.7603131449605
-12.806609663157005,93.71466798726115,-18.292437650550333,112.1173698088228,-1005.4546648186322
4.862633037129126,-22.418848557636842,-3.324271441444546,11.145845575950718,-118.17154201294886
-5.734052227561557,32.74755750548815,5.577387117838056,-37.84883745757209,440.0444121380903
-13.34359956592597,101.9825763075462,9.061720538658586,-50.664191780105035,728.0766293876308
-4.84873774664194,36.63119410461671,-1.4179949649138575,2.0617658418952063,52.23365662436557
11.76567444142486,-91.30307836866045,1.3438557501055908,2.6511452604176196,-225.68765379031765
12.094073363549143,-100.48818060196069,-8.155429314936908,55.34430790343848,-792.0963181808145
-1.7614315806891587,12.362360497824888,5.688828018344991,-42.62410618164073,486.3206969137538
-3.680079351236532,13.690390244328146,13.836774455362567,-97.39021214486523,1038.8260411446158
-0.8889904546002249,-2.4159998703387426,-5.867567075599399,32.048708647833905,-349.17063679277453
4.5701644655572515,-41.97596437417556,-4.026985200248198,31.35710024679762,-436.9033523317958
17.246875006106947,-125.58382321676872,11.491717673422336,-69.21998179372223,505.36060256186875
-4.426966099981757,21.8225033396891,-0.8608608913128932,4.040637281016532,-9.866227900454195
-3.1249362247752943,11.98964518902318,10.458004917395082,-68.91937929362719,734.298517013571
5.68466519366444,-45.40255397168169,6.761362139503099,-32.70879428341431,250.13207278360474
2.915013047419831,-30.882848741184333,-3.964712104487653,18.851796405241657,-270.9218508565405
12.616801675106705,-86.81706908652885,4.840039532760336,-31.440585257562724,196.80384449406168
-2.7575505239695475,23.975245610868665,-2.8147372790079417,28.051814801759562,-260.16924013691283
-2.491839776408872,17.584811077643167,3.5050734622836592,-21.686558624186155,263.79612610034997
-3.001510868003314,13.05833198009545,12.967102816974865,-81.06453250313643,873.8771337981038
3.1392360480180326,-34.13877343643365,3.274566689413365,-29.313582346864855,239.5144401449116
12.871804093428576,-85.51055728503225,11.30139842402178,-75.56846687644995,677.1711655677914
12.16896698472963,-85.44449960954752,-10.392492042728943,59.86278728479682,-768.450638811174
-8.34688664967683,55.0179006688383,-12.26150808828106,80.17684076122431,-769.2705576261409
-4.563392972760115,35.07553472214117,0.7247658443465582,-11.432788406230005,197.8626961215196
-0.225995652031491,-4.053636088198298,0.8984509021986373,-11.709430672393527,122.28568067410602
-0.3672541553707619,7.027140045490099,1.2953182689087819,-8.628403557880079,108.94035715553788
1.4612449002626293,-19.468540965541607,3.7944025806419464,-38.34793249730457,360.851767335065
-0.3848291247209701,-6.765466011151816,-1.5190963709185306,21.98410338493796,-281.3260360426327
1.184660632937766,-5.48379545404131,7.441076858724317,-57.58697037520228,626.68914478269
-0.2346584859848208,4.7073632431127805,5.216372952029123,-32.126350341670616,342.9524455728575
-4.114948780629511,36.387539142106824,10.138723371144081,-54.079582015869995,626.6770029882391
1.8222365780728667,-13.23984022241085,0.04775058908849459,-14.261822625290115,141.07365613622122
-6.813381959395449,54.78755471571763,5.80934019668968,-42.34288084602134,560.003573937917
-6.3165351677833375,48.25221224558597,1.5249152734285538,1.7398866372216784,59.74680880863431
-3.0194617089956557,9.985277211475513,-5.098728361010873,32.53880532094512,-349.72621856005236
